-- phpMyAdmin SQL Dump
-- version 5.2.1
-- https://www.phpmyadmin.net/
--
-- Host: 127.0.0.1
-- Generation Time: Dec 10, 2023 at 06:06 PM
-- Server version: 10.4.28-MariaDB
-- PHP Version: 8.2.4

SET SQL_MODE = "NO_AUTO_VALUE_ON_ZERO";
START TRANSACTION;
SET time_zone = "+00:00";


/*!40101 SET @OLD_CHARACTER_SET_CLIENT=@@CHARACTER_SET_CLIENT */;
/*!40101 SET @OLD_CHARACTER_SET_RESULTS=@@CHARACTER_SET_RESULTS */;
/*!40101 SET @OLD_COLLATION_CONNECTION=@@COLLATION_CONNECTION */;
/*!40101 SET NAMES utf8mb4 */;

--
-- Database: `du_an_2`
--

-- --------------------------------------------------------

--
-- Table structure for table `banner`
--

CREATE TABLE `banner` (
  `id` int(11) NOT NULL,
  `img` varchar(223) NOT NULL,
  `h1` varchar(223) NOT NULL,
  `h2` varchar(223) NOT NULL,
  `h3` varchar(300) NOT NULL
) ENGINE=InnoDB DEFAULT CHARSET=utf8mb4 COLLATE=utf8mb4_general_ci;

--
-- Dumping data for table `banner`
--

INSERT INTO `banner` (`id`, `img`, `h1`, `h2`, `h3`) VALUES
(5, 'pngtree-shoes-promotion-banner-background-image_1466238.jpg', 'Chào mừng quý khách !!!', 'PANDA SHOP', 'Điểm đến hàng đầu cho những đôi giày phong cách và chất lượng');

-- --------------------------------------------------------

--
-- Table structure for table `bienthe`
--

CREATE TABLE `bienthe` (
  `id` int(11) NOT NULL,
  `idsp` int(11) NOT NULL,
  `idcolor` int(11) NOT NULL,
  `idsize` int(11) NOT NULL,
  `soluong` int(11) NOT NULL,
  `mabienthe` varchar(5) NOT NULL,
  `luotban` int(11) NOT NULL
) ENGINE=InnoDB DEFAULT CHARSET=utf8mb4 COLLATE=utf8mb4_general_ci;

--
-- Dumping data for table `bienthe`
--

INSERT INTO `bienthe` (`id`, `idsp`, `idcolor`, `idsize`, `soluong`, `mabienthe`, `luotban`) VALUES
(2, 1, 1, 1, 0, '1_1', 1),
(3, 1, 1, 2, 0, '1_2', 0),
(4, 1, 1, 3, 0, '1_3', 0),
(5, 1, 2, 1, 4, '2_1', 0),
(6, 1, 2, 2, 1, '2_2', 0),
(7, 1, 2, 3, 99, '2_3', 0),
(8, 1, 3, 1, 16, '3_1', 0),
(9, 1, 3, 2, 67, '3_2', 0),
(10, 1, 3, 3, 13, '3_3', 0),
(11, 2, 1, 1, 0, '1_1', 0),
(12, 2, 1, 2, 0, '1_2', 0),
(13, 2, 1, 3, 79, '1_3', 0),
(14, 2, 2, 1, 30, '2_1', 0),
(15, 2, 2, 2, 0, '2_2', 0),
(16, 2, 2, 3, 12, '2_3', 0),
(17, 2, 3, 1, 23, '3_1', 0),
(18, 2, 3, 2, 9, '3_2', 0),
(19, 2, 3, 3, 5, '3_3', 0),
(20, 3, 1, 1, 51, '1_1', 0),
(21, 3, 1, 2, 95, '1_2', 0),
(22, 3, 1, 3, 68, '1_3', 0),
(23, 3, 2, 1, 45, '2_1', 0),
(24, 3, 2, 2, 7, '2_2', 1),
(25, 3, 2, 3, 3, '2_3', 0),
(26, 3, 3, 1, 94, '3_1', 0),
(27, 3, 3, 2, 96, '3_2', 1),
(28, 3, 3, 3, 42, '3_3', 0),
(29, 4, 1, 1, 83, '1_1', 0),
(30, 4, 1, 2, 58, '1_2', 0),
(31, 4, 1, 3, 91, '1_3', 1),
(32, 4, 2, 1, 8, '2_1', 0),
(33, 4, 2, 2, 85, '2_2', 0),
(34, 4, 2, 3, 52, '2_3', 0),
(35, 4, 3, 1, 52, '3_1', 0),
(36, 4, 3, 2, 62, '3_2', 0),
(37, 4, 3, 3, 5, '3_3', 0),
(38, 5, 1, 1, 62, '1_1', 0),
(39, 5, 1, 2, 33, '1_2', 0),
(40, 5, 1, 3, 18, '1_3', 0),
(41, 5, 2, 1, 9, '2_1', 0),
(42, 5, 2, 2, 20, '2_2', 0),
(43, 5, 2, 3, 66, '2_3', 0),
(44, 5, 3, 1, 69, '3_1', 0),
(45, 5, 3, 2, 73, '3_2', 0),
(46, 5, 3, 3, 12, '3_3', 0),
(47, 6, 1, 1, 24, '1_1', 0),
(48, 6, 1, 2, 86, '1_2', 0),
(49, 6, 1, 3, 7, '1_3', 0),
(50, 6, 2, 1, 77, '2_1', 0),
(51, 6, 2, 2, 14, '2_2', 0),
(52, 6, 2, 3, 94, '2_3', 0),
(53, 6, 3, 1, 23, '3_1', 0),
(54, 6, 3, 2, 20, '3_2', 0),
(55, 6, 3, 3, 36, '3_3', 0),
(56, 7, 1, 1, 82, '1_1', 0),
(57, 7, 1, 2, 21, '1_2', 0),
(58, 7, 1, 3, 98, '1_3', 0),
(59, 7, 2, 1, 89, '2_1', 0),
(60, 7, 2, 2, 59, '2_2', 0),
(61, 7, 2, 3, 11, '2_3', 0),
(62, 7, 3, 1, 47, '3_1', 0),
(63, 7, 3, 2, 29, '3_2', 0),
(64, 7, 3, 3, 92, '3_3', 0),
(65, 8, 1, 1, 17, '1_1', 0),
(66, 8, 1, 2, 51, '1_2', 0),
(67, 8, 1, 3, 78, '1_3', 0),
(68, 8, 2, 1, 2, '2_1', 0),
(69, 8, 2, 2, 22, '2_2', 0),
(70, 8, 2, 3, 50, '2_3', 0),
(71, 8, 3, 1, 64, '3_1', 0),
(72, 8, 3, 2, 39, '3_2', 0),
(73, 8, 3, 3, 43, '3_3', 0),
(74, 9, 1, 1, 81, '1_1', 0),
(75, 9, 1, 2, 32, '1_2', 0),
(76, 9, 1, 3, 46, '1_3', 0),
(77, 9, 2, 1, 45, '2_1', 0),
(78, 9, 2, 2, 15, '2_2', 0),
(79, 9, 2, 3, 2, '2_3', 0),
(80, 9, 3, 1, 76, '3_1', 0),
(81, 9, 3, 2, 52, '3_2', 0),
(82, 9, 3, 3, 27, '3_3', 0),
(83, 10, 1, 1, 26, '1_1', 0),
(84, 10, 1, 2, 54, '1_2', 0),
(85, 10, 1, 3, 88, '1_3', 0),
(86, 10, 2, 1, 80, '2_1', 0),
(87, 10, 2, 2, 65, '2_2', 0),
(88, 10, 2, 3, 44, '2_3', 0),
(89, 10, 3, 1, 91, '3_1', 0),
(90, 10, 3, 2, 95, '3_2', 0),
(91, 10, 3, 3, 45, '3_3', 0),
(92, 11, 1, 1, 29, '1_1', 0),
(93, 11, 1, 2, 74, '1_2', 0),
(94, 11, 1, 3, 38, '1_3', 0),
(95, 11, 2, 1, 95, '2_1', 0),
(96, 11, 2, 2, 54, '2_2', 0),
(97, 11, 2, 3, 6, '2_3', 0),
(98, 11, 3, 1, 83, '3_1', 0),
(99, 11, 3, 2, 53, '3_2', 0),
(100, 11, 3, 3, 77, '3_3', 0),
(101, 12, 1, 1, 34, '1_1', 0),
(102, 12, 1, 2, 7, '1_2', 0),
(103, 12, 1, 3, 34, '1_3', 0),
(104, 12, 2, 1, 33, '2_1', 0),
(105, 12, 2, 2, 17, '2_2', 0),
(106, 12, 2, 3, 75, '2_3', 0),
(107, 12, 3, 1, 70, '3_1', 0),
(108, 12, 3, 2, 43, '3_2', 0),
(109, 12, 3, 3, 97, '3_3', 0),
(110, 13, 1, 1, 58, '1_1', 0),
(111, 13, 1, 2, 70, '1_2', 0),
(112, 13, 1, 3, 24, '1_3', 0),
(113, 13, 2, 1, 13, '2_1', 0),
(114, 13, 2, 2, 38, '2_2', 0),
(115, 13, 2, 3, 43, '2_3', 0),
(116, 13, 3, 1, 72, '3_1', 0),
(117, 13, 3, 2, 40, '3_2', 0),
(118, 13, 3, 3, 89, '3_3', 0),
(119, 14, 1, 1, 62, '1_1', 0),
(120, 14, 1, 2, 91, '1_2', 0),
(121, 14, 1, 3, 37, '1_3', 0),
(122, 14, 2, 1, 12, '2_1', 0),
(123, 14, 2, 2, 98, '2_2', 0),
(124, 14, 2, 3, 99, '2_3', 0),
(125, 14, 3, 1, 40, '3_1', 0),
(126, 14, 3, 2, 35, '3_2', 0),
(127, 14, 3, 3, 55, '3_3', 0),
(128, 15, 1, 1, 13, '1_1', 0),
(129, 15, 1, 2, 90, '1_2', 0),
(130, 15, 1, 3, 46, '1_3', 0),
(131, 15, 2, 1, 100, '2_1', 0),
(132, 15, 2, 2, 98, '2_2', 0),
(133, 15, 2, 3, 83, '2_3', 0),
(134, 15, 3, 1, 80, '3_1', 0),
(135, 15, 3, 2, 17, '3_2', 0),
(136, 15, 3, 3, 17, '3_3', 0),
(137, 16, 1, 1, 66, '1_1', 0),
(138, 16, 1, 2, 97, '1_2', 0),
(139, 16, 1, 3, 37, '1_3', 0),
(140, 16, 2, 1, 95, '2_1', 0),
(141, 16, 2, 2, 94, '2_2', 0),
(142, 16, 2, 3, 84, '2_3', 0),
(143, 16, 3, 1, 47, '3_1', 0),
(144, 16, 3, 2, 21, '3_2', 0),
(145, 16, 3, 3, 64, '3_3', 0),
(146, 17, 1, 1, 81, '1_1', 0),
(147, 17, 1, 2, 96, '1_2', 0),
(148, 17, 1, 3, 55, '1_3', 0),
(149, 17, 2, 1, 45, '2_1', 0),
(150, 17, 2, 2, 34, '2_2', 0),
(151, 17, 2, 3, 74, '2_3', 0),
(152, 17, 3, 1, 23, '3_1', 0),
(153, 17, 3, 2, 37, '3_2', 0),
(154, 17, 3, 3, 41, '3_3', 0),
(155, 18, 1, 1, 34, '1_1', 0),
(156, 18, 1, 2, 81, '1_2', 0),
(157, 18, 1, 3, 40, '1_3', 0),
(158, 18, 2, 1, 21, '2_1', 0),
(159, 18, 2, 2, 43, '2_2', 0),
(160, 18, 2, 3, 35, '2_3', 0),
(161, 18, 3, 1, 59, '3_1', 0),
(162, 18, 3, 2, 60, '3_2', 0),
(163, 18, 3, 3, 38, '3_3', 0),
(164, 19, 1, 1, 64, '1_1', 0),
(165, 19, 1, 2, 17, '1_2', 0),
(166, 19, 1, 3, 61, '1_3', 0),
(167, 19, 2, 1, 88, '2_1', 0),
(168, 19, 2, 2, 38, '2_2', 0),
(169, 19, 2, 3, 66, '2_3', 0),
(170, 19, 3, 1, 92, '3_1', 0),
(171, 19, 3, 2, 100, '3_2', 0),
(172, 19, 3, 3, 50, '3_3', 0),
(173, 20, 1, 1, 22, '1_1', 0),
(174, 20, 1, 2, 92, '1_2', 0),
(175, 20, 1, 3, 6, '1_3', 0),
(176, 20, 2, 1, 54, '2_1', 0),
(177, 20, 2, 2, 48, '2_2', 0),
(178, 20, 2, 3, 85, '2_3', 0),
(179, 20, 3, 1, 22, '3_1', 0),
(180, 20, 3, 2, 77, '3_2', 0),
(181, 20, 3, 3, 18, '3_3', 0),
(182, 21, 1, 1, 26, '1_1', 0),
(183, 21, 1, 2, 100, '1_2', 0),
(184, 21, 1, 3, 57, '1_3', 0),
(185, 21, 2, 1, 64, '2_1', 0),
(186, 21, 2, 2, 26, '2_2', 0),
(187, 21, 2, 3, 56, '2_3', 0),
(188, 21, 3, 1, 83, '3_1', 0),
(189, 21, 3, 2, 76, '3_2', 0),
(190, 21, 3, 3, 23, '3_3', 0),
(191, 22, 1, 1, 97, '1_1', 0),
(192, 22, 1, 2, 32, '1_2', 0),
(193, 22, 1, 3, 1, '1_3', 0),
(194, 22, 2, 1, 7, '2_1', 0),
(195, 22, 2, 2, 51, '2_2', 0),
(196, 22, 2, 3, 30, '2_3', 0),
(197, 22, 3, 1, 23, '3_1', 0),
(198, 22, 3, 2, 68, '3_2', 0),
(199, 22, 3, 3, 36, '3_3', 0),
(200, 23, 1, 1, 50, '1_1', 0),
(201, 23, 1, 2, 77, '1_2', 0),
(202, 23, 1, 3, 68, '1_3', 0),
(203, 23, 2, 1, 58, '2_1', 0),
(204, 23, 2, 2, 86, '2_2', 0),
(205, 23, 2, 3, 45, '2_3', 0),
(206, 23, 3, 1, 80, '3_1', 0),
(207, 23, 3, 2, 61, '3_2', 0),
(208, 23, 3, 3, 65, '3_3', 0),
(209, 24, 1, 1, 91, '1_1', 0),
(210, 24, 1, 2, 63, '1_2', 0),
(211, 24, 1, 3, 38, '1_3', 0),
(212, 24, 2, 1, 80, '2_1', 0),
(213, 24, 2, 2, 82, '2_2', 0),
(214, 24, 2, 3, 80, '2_3', 0),
(215, 24, 3, 1, 62, '3_1', 0),
(216, 24, 3, 2, 32, '3_2', 0),
(217, 24, 3, 3, 17, '3_3', 0),
(218, 25, 1, 1, 91, '1_1', 0),
(219, 25, 1, 2, 21, '1_2', 0),
(220, 25, 1, 3, 63, '1_3', 0),
(221, 25, 2, 1, 100, '2_1', 0),
(222, 25, 2, 2, 94, '2_2', 0),
(223, 25, 2, 3, 17, '2_3', 0),
(224, 25, 3, 1, 68, '3_1', 0),
(225, 25, 3, 2, 74, '3_2', 0),
(226, 25, 3, 3, 91, '3_3', 0),
(227, 26, 1, 1, 54, '1_1', 0),
(228, 26, 1, 2, 73, '1_2', 0),
(229, 26, 1, 3, 22, '1_3', 0),
(230, 26, 2, 1, 83, '2_1', 0),
(231, 26, 2, 2, 70, '2_2', 0),
(232, 26, 2, 3, 72, '2_3', 0),
(233, 26, 3, 1, 92, '3_1', 0),
(234, 26, 3, 2, 48, '3_2', 0),
(235, 26, 3, 3, 72, '3_3', 0),
(236, 27, 1, 1, 12, '1_1', 0),
(237, 27, 1, 2, 62, '1_2', 0),
(238, 27, 1, 3, 64, '1_3', 0),
(239, 27, 2, 1, 11, '2_1', 0),
(240, 27, 2, 2, 44, '2_2', 0),
(241, 27, 2, 3, 69, '2_3', 0),
(242, 27, 3, 1, 4, '3_1', 0),
(243, 27, 3, 2, 94, '3_2', 0),
(244, 27, 3, 3, 79, '3_3', 0),
(245, 28, 1, 1, 95, '1_1', 0),
(246, 28, 1, 2, 32, '1_2', 0),
(247, 28, 1, 3, 55, '1_3', 0),
(248, 28, 2, 1, 14, '2_1', 0),
(249, 28, 2, 2, 7, '2_2', 0),
(250, 28, 2, 3, 81, '2_3', 0),
(251, 28, 3, 1, 29, '3_1', 0),
(252, 28, 3, 2, 56, '3_2', 0),
(253, 28, 3, 3, 47, '3_3', 0),
(254, 29, 1, 1, 10, '1_1', 0),
(255, 29, 1, 2, 30, '1_2', 0),
(256, 29, 1, 3, 19, '1_3', 0),
(257, 29, 2, 1, 92, '2_1', 0),
(258, 29, 2, 2, 26, '2_2', 0),
(259, 29, 2, 3, 60, '2_3', 0),
(260, 29, 3, 1, 34, '3_1', 0),
(261, 29, 3, 2, 79, '3_2', 0),
(262, 29, 3, 3, 57, '3_3', 0),
(263, 30, 1, 1, 53, '1_1', 0),
(264, 30, 1, 2, 67, '1_2', 0),
(265, 30, 1, 3, 41, '1_3', 0),
(266, 30, 2, 1, 93, '2_1', 0),
(267, 30, 2, 2, 90, '2_2', 0),
(268, 30, 2, 3, 53, '2_3', 0),
(269, 30, 3, 1, 49, '3_1', 0),
(270, 30, 3, 2, 12, '3_2', 0),
(271, 30, 3, 3, 90, '3_3', 0),
(272, 31, 1, 1, 50, '1_1', 0),
(273, 31, 1, 2, 50, '1_2', 0),
(274, 31, 1, 3, 72, '1_3', 0),
(275, 31, 2, 1, 47, '2_1', 0),
(276, 31, 2, 2, 90, '2_2', 0),
(277, 31, 2, 3, 11, '2_3', 0),
(278, 31, 3, 1, 93, '3_1', 0),
(279, 31, 3, 2, 74, '3_2', 0),
(280, 31, 3, 3, 74, '3_3', 0),
(281, 32, 1, 1, 97, '1_1', 0),
(282, 32, 1, 2, 15, '1_2', 0),
(283, 32, 1, 3, 95, '1_3', 0),
(284, 32, 2, 1, 43, '2_1', 0),
(285, 32, 2, 2, 17, '2_2', 0),
(286, 32, 2, 3, 81, '2_3', 0),
(287, 32, 3, 1, 66, '3_1', 0),
(288, 32, 3, 2, 63, '3_2', 0),
(289, 32, 3, 3, 33, '3_3', 0),
(290, 33, 1, 1, 93, '1_1', 0),
(291, 33, 1, 2, 4, '1_2', 0),
(292, 33, 1, 3, 56, '1_3', 0),
(293, 33, 2, 1, 86, '2_1', 0),
(294, 33, 2, 2, 39, '2_2', 0),
(295, 33, 2, 3, 15, '2_3', 0),
(296, 33, 3, 1, 91, '3_1', 0),
(297, 33, 3, 2, 84, '3_2', 0),
(298, 33, 3, 3, 67, '3_3', 0),
(299, 34, 1, 1, 83, '1_1', 0),
(300, 34, 1, 2, 11, '1_2', 0),
(301, 34, 1, 3, 67, '1_3', 0),
(302, 34, 2, 1, 13, '2_1', 1),
(303, 34, 2, 2, 69, '2_2', 1),
(304, 34, 2, 3, 61, '2_3', 0),
(305, 34, 3, 1, 71, '3_1', 0),
(306, 34, 3, 2, 6, '3_2', 0),
(307, 34, 3, 3, 39, '3_3', 0),
(308, 35, 1, 1, 17, '1_1', 0),
(309, 35, 1, 2, 2, '1_2', 0),
(310, 35, 1, 3, 95, '1_3', 0),
(311, 35, 2, 1, 37, '2_1', 0),
(312, 35, 2, 2, 92, '2_2', 0),
(313, 35, 2, 3, 28, '2_3', 0),
(314, 35, 3, 1, 62, '3_1', 0),
(315, 35, 3, 2, 9, '3_2', 0),
(316, 35, 3, 3, 59, '3_3', 0),
(317, 36, 1, 1, 29, '1_1', 0),
(318, 36, 1, 2, 92, '1_2', 0),
(319, 36, 1, 3, 88, '1_3', 0),
(320, 36, 2, 1, 60, '2_1', 0),
(321, 36, 2, 2, 89, '2_2', 0),
(322, 36, 2, 3, 81, '2_3', 0),
(323, 36, 3, 1, 43, '3_1', 0),
(324, 36, 3, 2, 42, '3_2', 0),
(325, 36, 3, 3, 12, '3_3', 0),
(326, 37, 1, 1, 77, '1_1', 0),
(327, 37, 1, 2, 82, '1_2', 0),
(328, 37, 1, 3, 63, '1_3', 0),
(329, 37, 2, 1, 33, '2_1', 0),
(330, 37, 2, 2, 69, '2_2', 0),
(331, 37, 2, 3, 93, '2_3', 0),
(332, 37, 3, 1, 47, '3_1', 0),
(333, 37, 3, 2, 31, '3_2', 0),
(334, 37, 3, 3, 21, '3_3', 0),
(335, 38, 1, 1, 88, '1_1', 0),
(336, 38, 1, 2, 89, '1_2', 0),
(337, 38, 1, 3, 91, '1_3', 0),
(338, 38, 2, 1, 45, '2_1', 0),
(339, 38, 2, 2, 4, '2_2', 0),
(340, 38, 2, 3, 64, '2_3', 0),
(341, 38, 3, 1, 23, '3_1', 0),
(342, 38, 3, 2, 75, '3_2', 0),
(343, 38, 3, 3, 48, '3_3', 0),
(344, 39, 1, 1, 59, '1_1', 0),
(345, 39, 1, 2, 18, '1_2', 0),
(346, 39, 1, 3, 69, '1_3', 0),
(347, 39, 2, 1, 27, '2_1', 0),
(348, 39, 2, 2, 21, '2_2', 0),
(349, 39, 2, 3, 83, '2_3', 0),
(350, 39, 3, 1, 9, '3_1', 0),
(351, 39, 3, 2, 15, '3_2', 0),
(352, 39, 3, 3, 47, '3_3', 0),
(353, 40, 1, 1, 27, '1_1', 0),
(354, 40, 1, 2, 55, '1_2', 0),
(355, 40, 1, 3, 99, '1_3', 0),
(356, 40, 2, 1, 20, '2_1', 0),
(357, 40, 2, 2, 75, '2_2', 0),
(358, 40, 2, 3, 61, '2_3', 0),
(359, 40, 3, 1, 19, '3_1', 0),
(360, 40, 3, 2, 100, '3_2', 0),
(361, 40, 3, 3, 1, '3_3', 0),
(362, 41, 1, 1, 30, '1_1', 0),
(363, 41, 1, 2, 91, '1_2', 0),
(364, 41, 1, 3, 89, '1_3', 0),
(365, 41, 2, 1, 33, '2_1', 0),
(366, 41, 2, 2, 18, '2_2', 0),
(367, 41, 2, 3, 25, '2_3', 0),
(368, 41, 3, 1, 31, '3_1', 0),
(369, 41, 3, 2, 5, '3_2', 0),
(370, 41, 3, 3, 16, '3_3', 0),
(371, 42, 1, 1, 17, '1_1', 0),
(372, 42, 1, 2, 37, '1_2', 0),
(373, 42, 1, 3, 60, '1_3', 0),
(374, 42, 2, 1, 5, '2_1', 0),
(375, 42, 2, 2, 7, '2_2', 0),
(376, 42, 2, 3, 84, '2_3', 0),
(377, 42, 3, 1, 41, '3_1', 0),
(378, 42, 3, 2, 94, '3_2', 0),
(379, 42, 3, 3, 32, '3_3', 0),
(380, 43, 1, 1, 20, '1_1', 0),
(381, 43, 1, 2, 97, '1_2', 0),
(382, 43, 1, 3, 61, '1_3', 0),
(383, 43, 2, 1, 99, '2_1', 0),
(384, 43, 2, 2, 54, '2_2', 0),
(385, 43, 2, 3, 12, '2_3', 0),
(386, 43, 3, 1, 7, '3_1', 0),
(387, 43, 3, 2, 59, '3_2', 0),
(388, 43, 3, 3, 79, '3_3', 0),
(389, 44, 1, 1, 14, '1_1', 0),
(390, 44, 1, 2, 12, '1_2', 0),
(391, 44, 1, 3, 19, '1_3', 0),
(392, 44, 2, 1, 52, '2_1', 0),
(393, 44, 2, 2, 93, '2_2', 0),
(394, 44, 2, 3, 85, '2_3', 0),
(395, 44, 3, 1, 94, '3_1', 0),
(396, 44, 3, 2, 57, '3_2', 0),
(397, 44, 3, 3, 96, '3_3', 0),
(398, 45, 1, 1, 72, '1_1', 0),
(399, 45, 1, 2, 57, '1_2', 0),
(400, 45, 1, 3, 28, '1_3', 0),
(401, 45, 2, 1, 78, '2_1', 0),
(402, 45, 2, 2, 45, '2_2', 0),
(403, 45, 2, 3, 33, '2_3', 0),
(404, 45, 3, 1, 62, '3_1', 0),
(405, 45, 3, 2, 78, '3_2', 0),
(406, 45, 3, 3, 54, '3_3', 0),
(407, 46, 1, 1, 99, '1_1', 0),
(408, 46, 1, 2, 4, '1_2', 0),
(409, 46, 1, 3, 47, '1_3', 0),
(410, 46, 2, 1, 93, '2_1', 0),
(411, 46, 2, 2, 34, '2_2', 0),
(412, 46, 2, 3, 6, '2_3', 0),
(413, 46, 3, 1, 27, '3_1', 0),
(414, 46, 3, 2, 27, '3_2', 0),
(415, 46, 3, 3, 80, '3_3', 0),
(416, 47, 1, 1, 29, '1_1', 0),
(417, 47, 1, 2, 15, '1_2', 0),
(418, 47, 1, 3, 10, '1_3', 0),
(419, 47, 2, 1, 19, '2_1', 0),
(420, 47, 2, 2, 82, '2_2', 0),
(421, 47, 2, 3, 84, '2_3', 0),
(422, 47, 3, 1, 7, '3_1', 0),
(423, 47, 3, 2, 32, '3_2', 0),
(424, 47, 3, 3, 19, '3_3', 0),
(425, 48, 1, 1, 5, '1_1', 0),
(426, 48, 1, 2, 84, '1_2', 0),
(427, 48, 1, 3, 30, '1_3', 0),
(428, 48, 2, 1, 80, '2_1', 0),
(429, 48, 2, 2, 87, '2_2', 0),
(430, 48, 2, 3, 71, '2_3', 0),
(431, 48, 3, 1, 98, '3_1', 0),
(432, 48, 3, 2, 68, '3_2', 0),
(433, 48, 3, 3, 56, '3_3', 0),
(434, 49, 1, 1, 38, '1_1', 0),
(435, 49, 1, 2, 76, '1_2', 0),
(436, 49, 1, 3, 39, '1_3', 0),
(437, 49, 2, 1, 92, '2_1', 0),
(438, 49, 2, 2, 80, '2_2', 0),
(439, 49, 2, 3, 25, '2_3', 0),
(440, 49, 3, 1, 12, '3_1', 0),
(441, 49, 3, 2, 67, '3_2', 0),
(442, 49, 3, 3, 82, '3_3', 0),
(443, 50, 1, 1, 22, '1_1', 0),
(444, 50, 1, 2, 86, '1_2', 0),
(445, 50, 1, 3, 31, '1_3', 0),
(446, 50, 2, 1, 73, '2_1', 0),
(447, 50, 2, 2, 97, '2_2', 0),
(448, 50, 2, 3, 27, '2_3', 0),
(449, 50, 3, 1, 37, '3_1', 0),
(450, 50, 3, 2, 32, '3_2', 0),
(451, 50, 3, 3, 41, '3_3', 0),
(452, 51, 1, 1, 71, '1_1', 0),
(453, 51, 1, 2, 7, '1_2', 0),
(454, 51, 1, 3, 70, '1_3', 0),
(455, 51, 2, 1, 89, '2_1', 0),
(456, 51, 2, 2, 32, '2_2', 0),
(457, 51, 2, 3, 95, '2_3', 0),
(458, 51, 3, 1, 57, '3_1', 0),
(459, 51, 3, 2, 28, '3_2', 0),
(460, 51, 3, 3, 42, '3_3', 0),
(461, 52, 1, 1, 99, '1_1', 0),
(462, 52, 1, 2, 38, '1_2', 0),
(463, 52, 1, 3, 2, '1_3', 0),
(464, 52, 2, 1, 25, '2_1', 0),
(465, 52, 2, 2, 82, '2_2', 0),
(466, 52, 2, 3, 66, '2_3', 0),
(467, 52, 3, 1, 98, '3_1', 0),
(468, 52, 3, 2, 19, '3_2', 0),
(469, 52, 3, 3, 95, '3_3', 0),
(470, 53, 1, 1, 45, '1_1', 0),
(471, 53, 1, 2, 48, '1_2', 0),
(472, 53, 1, 3, 46, '1_3', 0),
(473, 53, 2, 1, 67, '2_1', 0),
(474, 53, 2, 2, 13, '2_2', 0),
(475, 53, 2, 3, 64, '2_3', 0),
(476, 53, 3, 1, 7, '3_1', 0),
(477, 53, 3, 2, 87, '3_2', 0),
(478, 53, 3, 3, 19, '3_3', 0),
(479, 54, 1, 1, 57, '1_1', 0),
(480, 54, 1, 2, 72, '1_2', 0),
(481, 54, 1, 3, 67, '1_3', 0),
(482, 54, 2, 1, 33, '2_1', 0),
(483, 54, 2, 2, 85, '2_2', 0),
(484, 54, 2, 3, 11, '2_3', 0),
(485, 54, 3, 1, 46, '3_1', 0),
(486, 54, 3, 2, 1, '3_2', 0),
(487, 54, 3, 3, 2, '3_3', 0),
(488, 55, 1, 1, 71, '1_1', 0),
(489, 55, 1, 2, 21, '1_2', 0),
(490, 55, 1, 3, 25, '1_3', 0),
(491, 55, 2, 1, 74, '2_1', 0),
(492, 55, 2, 2, 70, '2_2', 0),
(493, 55, 2, 3, 73, '2_3', 0),
(494, 55, 3, 1, 2, '3_1', 0),
(495, 55, 3, 2, 88, '3_2', 0),
(496, 55, 3, 3, 82, '3_3', 0),
(497, 56, 1, 1, 53, '1_1', 0),
(498, 56, 1, 2, 42, '1_2', 0),
(499, 56, 1, 3, 34, '1_3', 0),
(500, 56, 2, 1, 27, '2_1', 0),
(509, 56, 2, 2, 0, '2_2', 0),
(510, 56, 2, 3, 0, '2_3', 0),
(511, 56, 3, 1, 0, '3_1', 0),
(512, 56, 3, 2, 0, '3_2', 0),
(513, 56, 3, 3, 0, '3_3', 0),
(514, 57, 1, 1, 0, '1_1', 0),
(515, 57, 1, 2, 0, '1_2', 0),
(516, 57, 1, 3, 0, '1_3', 0),
(517, 57, 2, 1, 0, '2_1', 0),
(518, 57, 2, 2, 0, '2_2', 0),
(519, 57, 2, 3, 0, '2_3', 0),
(520, 57, 3, 1, 0, '3_1', 0),
(521, 57, 3, 2, 0, '3_2', 0),
(522, 57, 3, 3, 0, '3_3', 0),
(523, 58, 1, 1, 0, '1_1', 0),
(524, 58, 1, 2, 0, '1_2', 0),
(525, 58, 1, 3, 0, '1_3', 0),
(526, 58, 2, 1, 0, '2_1', 0),
(527, 58, 2, 2, 0, '2_2', 0),
(528, 58, 2, 3, 0, '2_3', 0),
(529, 58, 3, 1, 0, '3_1', 0),
(530, 58, 3, 2, 0, '3_2', 0),
(531, 58, 3, 3, 0, '3_3', 0),
(532, 59, 1, 1, 0, '1_1', 0),
(533, 59, 1, 2, 0, '1_2', 0),
(534, 59, 1, 3, 0, '1_3', 0),
(535, 59, 2, 1, 0, '2_1', 0),
(536, 59, 2, 2, 0, '2_2', 0),
(537, 59, 2, 3, 0, '2_3', 0),
(538, 59, 3, 1, 0, '3_1', 0),
(539, 59, 3, 2, 0, '3_2', 0),
(540, 59, 3, 3, 0, '3_3', 0),
(541, 60, 1, 1, 0, '1_1', 0),
(542, 60, 1, 2, 0, '1_2', 0),
(543, 60, 1, 3, 0, '1_3', 0),
(544, 60, 2, 1, 0, '2_1', 0),
(545, 60, 2, 2, 0, '2_2', 0),
(546, 60, 2, 3, 0, '2_3', 0),
(547, 60, 3, 1, 0, '3_1', 0),
(548, 60, 3, 2, 0, '3_2', 0),
(549, 60, 3, 3, 0, '3_3', 0),
(550, 61, 1, 1, 0, '1_1', 0),
(551, 61, 1, 2, 0, '1_2', 0),
(552, 61, 1, 3, 0, '1_3', 0),
(553, 61, 2, 1, 0, '2_1', 0),
(554, 61, 2, 2, 0, '2_2', 0),
(555, 61, 2, 3, 0, '2_3', 0),
(556, 61, 3, 1, 0, '3_1', 0),
(557, 61, 3, 2, 0, '3_2', 0),
(558, 61, 3, 3, 0, '3_3', 0),
(559, 62, 1, 1, 0, '1_1', 0),
(560, 62, 1, 2, 0, '1_2', 0),
(561, 62, 1, 3, 0, '1_3', 0),
(562, 62, 2, 1, 0, '2_1', 0),
(563, 62, 2, 2, 0, '2_2', 0),
(564, 62, 2, 3, 0, '2_3', 0),
(565, 62, 3, 1, 0, '3_1', 0),
(566, 62, 3, 2, 0, '3_2', 0),
(567, 62, 3, 3, 0, '3_3', 0),
(568, 63, 1, 1, 0, '1_1', 0),
(569, 63, 1, 2, 0, '1_2', 0),
(570, 63, 1, 3, 0, '1_3', 0),
(571, 63, 2, 1, 0, '2_1', 0),
(572, 63, 2, 2, 0, '2_2', 0),
(573, 63, 2, 3, 0, '2_3', 0),
(574, 63, 3, 1, 0, '3_1', 0),
(575, 63, 3, 2, 0, '3_2', 0),
(576, 63, 3, 3, 0, '3_3', 0),
(577, 64, 1, 1, 0, '1_1', 0),
(578, 64, 1, 2, 0, '1_2', 0),
(579, 64, 1, 3, 0, '1_3', 0),
(580, 64, 2, 1, 0, '2_1', 0),
(581, 64, 2, 2, 0, '2_2', 0),
(582, 64, 2, 3, 0, '2_3', 0),
(583, 64, 3, 1, 0, '3_1', 0),
(584, 64, 3, 2, 0, '3_2', 0),
(585, 64, 3, 3, 0, '3_3', 0),
(586, 65, 1, 1, 0, '1_1', 0),
(587, 65, 1, 2, 0, '1_2', 0),
(588, 65, 1, 3, 0, '1_3', 0),
(589, 65, 2, 1, 0, '2_1', 0),
(590, 65, 2, 2, 0, '2_2', 0),
(591, 65, 2, 3, 0, '2_3', 0),
(592, 65, 3, 1, 0, '3_1', 0),
(593, 65, 3, 2, 0, '3_2', 0),
(594, 65, 3, 3, 0, '3_3', 0),
(595, 66, 1, 1, 0, '1_1', 0),
(596, 66, 1, 2, 0, '1_2', 0),
(597, 66, 1, 3, 0, '1_3', 0),
(598, 66, 2, 1, 0, '2_1', 0),
(599, 66, 2, 2, 0, '2_2', 0),
(600, 66, 2, 3, 0, '2_3', 0),
(601, 66, 3, 1, 0, '3_1', 0),
(602, 66, 3, 2, 0, '3_2', 0),
(603, 66, 3, 3, 0, '3_3', 0),
(604, 67, 1, 1, 0, '1_1', 0),
(605, 67, 1, 2, 0, '1_2', 0),
(606, 67, 1, 3, 0, '1_3', 0),
(607, 67, 2, 1, 0, '2_1', 0),
(608, 67, 2, 2, 0, '2_2', 0),
(609, 67, 2, 3, 0, '2_3', 0),
(610, 67, 3, 1, 0, '3_1', 0),
(611, 67, 3, 2, 0, '3_2', 0),
(612, 67, 3, 3, 0, '3_3', 0),
(613, 68, 1, 1, 0, '1_1', 0),
(614, 68, 1, 2, 0, '1_2', 0),
(615, 68, 1, 3, 0, '1_3', 0),
(616, 68, 2, 1, 0, '2_1', 0),
(617, 68, 2, 2, 0, '2_2', 0),
(618, 68, 2, 3, 0, '2_3', 0),
(619, 68, 3, 1, 0, '3_1', 0),
(620, 68, 3, 2, 0, '3_2', 0),
(621, 68, 3, 3, 0, '3_3', 0),
(622, 69, 1, 1, 0, '1_1', 0),
(623, 69, 1, 2, 0, '1_2', 0),
(624, 69, 1, 3, 0, '1_3', 0),
(625, 69, 2, 1, 0, '2_1', 0),
(626, 69, 2, 2, 0, '2_2', 0),
(627, 69, 2, 3, 0, '2_3', 0),
(628, 69, 3, 1, 0, '3_1', 0),
(629, 69, 3, 2, 0, '3_2', 0),
(630, 69, 3, 3, 0, '3_3', 0),
(631, 70, 1, 1, 0, '1_1', 0),
(632, 70, 1, 2, 0, '1_2', 0),
(633, 70, 1, 3, 0, '1_3', 0),
(634, 70, 2, 1, 0, '2_1', 0),
(635, 70, 2, 2, 0, '2_2', 0),
(636, 70, 2, 3, 0, '2_3', 0),
(637, 70, 3, 1, 0, '3_1', 0),
(638, 70, 3, 2, 0, '3_2', 0),
(639, 70, 3, 3, 0, '3_3', 0),
(640, 71, 1, 1, 0, '1_1', 0),
(641, 71, 1, 2, 0, '1_2', 0),
(642, 71, 1, 3, 0, '1_3', 0),
(643, 71, 2, 1, 0, '2_1', 0),
(644, 71, 2, 2, 0, '2_2', 0),
(645, 71, 2, 3, 0, '2_3', 0),
(646, 71, 3, 1, 0, '3_1', 0),
(647, 71, 3, 2, 0, '3_2', 0),
(648, 71, 3, 3, 0, '3_3', 0),
(649, 72, 1, 1, 0, '1_1', 0),
(650, 72, 1, 2, 0, '1_2', 0),
(651, 72, 1, 3, 0, '1_3', 0),
(652, 72, 2, 1, 0, '2_1', 0),
(653, 72, 2, 2, 0, '2_2', 0),
(654, 72, 2, 3, 0, '2_3', 0),
(655, 72, 3, 1, 0, '3_1', 0),
(656, 72, 3, 2, 0, '3_2', 0),
(657, 72, 3, 3, 0, '3_3', 0),
(658, 73, 1, 1, 0, '1_1', 0),
(659, 73, 1, 2, 0, '1_2', 0),
(660, 73, 1, 3, 0, '1_3', 0),
(661, 73, 2, 1, 0, '2_1', 0),
(662, 73, 2, 2, 0, '2_2', 0),
(663, 73, 2, 3, 0, '2_3', 0),
(664, 73, 3, 1, 0, '3_1', 0),
(665, 73, 3, 2, 0, '3_2', 0),
(666, 73, 3, 3, 0, '3_3', 0),
(667, 74, 1, 1, 0, '1_1', 0),
(668, 74, 1, 2, 0, '1_2', 0),
(669, 74, 1, 3, 0, '1_3', 0),
(670, 74, 2, 1, 0, '2_1', 0),
(671, 74, 2, 2, 0, '2_2', 0),
(672, 74, 2, 3, 0, '2_3', 0),
(673, 74, 3, 1, 0, '3_1', 0),
(674, 74, 3, 2, 0, '3_2', 0),
(675, 74, 3, 3, 0, '3_3', 0),
(676, 75, 1, 1, 0, '1_1', 0),
(677, 75, 1, 2, 0, '1_2', 0),
(678, 75, 1, 3, 0, '1_3', 0),
(679, 75, 2, 1, 0, '2_1', 0),
(680, 75, 2, 2, 0, '2_2', 0),
(681, 75, 2, 3, 0, '2_3', 0),
(682, 75, 3, 1, 0, '3_1', 0),
(683, 75, 3, 2, 0, '3_2', 0),
(684, 75, 3, 3, 0, '3_3', 0),
(685, 76, 1, 1, 0, '1_1', 0),
(686, 76, 1, 2, 0, '1_2', 0),
(687, 76, 1, 3, 0, '1_3', 0),
(688, 76, 2, 1, 0, '2_1', 0),
(689, 76, 2, 2, 0, '2_2', 0),
(690, 76, 2, 3, 0, '2_3', 0),
(691, 76, 3, 1, 0, '3_1', 0),
(692, 76, 3, 2, 0, '3_2', 0),
(693, 76, 3, 3, 0, '3_3', 0),
(694, 77, 1, 1, 0, '1_1', 0),
(695, 77, 1, 2, 0, '1_2', 0),
(696, 77, 1, 3, 0, '1_3', 0),
(697, 77, 2, 1, 0, '2_1', 0),
(698, 77, 2, 2, 0, '2_2', 0),
(699, 77, 2, 3, 0, '2_3', 0),
(700, 77, 3, 1, 0, '3_1', 0),
(701, 77, 3, 2, 0, '3_2', 0),
(702, 77, 3, 3, 0, '3_3', 0),
(703, 78, 1, 1, 0, '1_1', 0),
(704, 78, 1, 2, 0, '1_2', 0),
(705, 78, 1, 3, 0, '1_3', 0),
(706, 78, 2, 1, 0, '2_1', 0),
(707, 78, 2, 2, 0, '2_2', 0),
(708, 78, 2, 3, 0, '2_3', 0),
(709, 78, 3, 1, 0, '3_1', 0),
(710, 78, 3, 2, 0, '3_2', 0),
(711, 78, 3, 3, 0, '3_3', 0),
(712, 79, 1, 1, 0, '1_1', 0),
(713, 79, 1, 2, 0, '1_2', 0),
(714, 79, 1, 3, 0, '1_3', 0),
(715, 79, 2, 1, 0, '2_1', 0),
(716, 79, 2, 2, 0, '2_2', 0),
(717, 79, 2, 3, 0, '2_3', 0),
(718, 79, 3, 1, 0, '3_1', 0),
(719, 79, 3, 2, 0, '3_2', 0),
(720, 79, 3, 3, 0, '3_3', 0),
(721, 80, 1, 1, 0, '1_1', 0),
(722, 80, 1, 2, 0, '1_2', 0),
(723, 80, 1, 3, 0, '1_3', 0),
(724, 80, 2, 1, 0, '2_1', 0),
(725, 80, 2, 2, 0, '2_2', 0),
(726, 80, 2, 3, 0, '2_3', 0),
(727, 80, 3, 1, 0, '3_1', 0),
(728, 80, 3, 2, 0, '3_2', 0),
(729, 80, 3, 3, 0, '3_3', 0),
(730, 81, 1, 1, 0, '1_1', 0),
(731, 81, 1, 2, 0, '1_2', 0),
(732, 81, 1, 3, 0, '1_3', 0),
(733, 81, 2, 1, 0, '2_1', 0),
(734, 81, 2, 2, 0, '2_2', 0),
(735, 81, 2, 3, 0, '2_3', 0),
(736, 81, 3, 1, 0, '3_1', 0),
(737, 81, 3, 2, 0, '3_2', 0),
(738, 81, 3, 3, 0, '3_3', 0),
(739, 82, 1, 1, 0, '1_1', 0),
(740, 82, 1, 2, 0, '1_2', 0),
(741, 82, 1, 3, 0, '1_3', 0),
(742, 82, 2, 1, 0, '2_1', 0),
(743, 82, 2, 2, 0, '2_2', 0),
(744, 82, 2, 3, 0, '2_3', 0),
(745, 82, 3, 1, 0, '3_1', 0),
(746, 82, 3, 2, 0, '3_2', 0),
(747, 82, 3, 3, 0, '3_3', 0),
(748, 83, 1, 1, 0, '1_1', 0),
(749, 83, 1, 2, 0, '1_2', 0),
(750, 83, 1, 3, 0, '1_3', 0),
(751, 83, 2, 1, 0, '2_1', 0),
(752, 83, 2, 2, 0, '2_2', 0),
(753, 83, 2, 3, 0, '2_3', 0),
(754, 83, 3, 1, 0, '3_1', 0),
(755, 83, 3, 2, 0, '3_2', 0),
(756, 83, 3, 3, 0, '3_3', 0),
(757, 84, 1, 1, 0, '1_1', 0),
(758, 84, 1, 2, 0, '1_2', 0),
(759, 84, 1, 3, 0, '1_3', 0),
(760, 84, 2, 1, 0, '2_1', 0),
(761, 84, 2, 2, 0, '2_2', 0),
(762, 84, 2, 3, 0, '2_3', 0),
(763, 84, 3, 1, 0, '3_1', 0),
(764, 84, 3, 2, 0, '3_2', 0),
(765, 84, 3, 3, 0, '3_3', 0),
(766, 85, 1, 1, 0, '1_1', 0),
(767, 85, 1, 2, 0, '1_2', 0),
(768, 85, 1, 3, 0, '1_3', 0),
(769, 85, 2, 1, 0, '2_1', 0),
(770, 85, 2, 2, 0, '2_2', 0),
(771, 85, 2, 3, 0, '2_3', 0),
(772, 85, 3, 1, 0, '3_1', 0),
(773, 85, 3, 2, 0, '3_2', 0),
(774, 85, 3, 3, 0, '3_3', 0),
(775, 86, 1, 1, 0, '1_1', 0),
(776, 86, 1, 2, 0, '1_2', 0),
(777, 86, 1, 3, 0, '1_3', 0),
(778, 86, 2, 1, 0, '2_1', 0),
(779, 86, 2, 2, 0, '2_2', 0),
(780, 86, 2, 3, 0, '2_3', 0),
(781, 86, 3, 1, 0, '3_1', 0),
(782, 86, 3, 2, 0, '3_2', 0),
(783, 86, 3, 3, 0, '3_3', 0),
(784, 87, 1, 1, 0, '1_1', 0),
(785, 87, 1, 2, 0, '1_2', 0),
(786, 87, 1, 3, 0, '1_3', 0),
(787, 87, 2, 1, 0, '2_1', 0),
(788, 87, 2, 2, 0, '2_2', 0),
(789, 87, 2, 3, 0, '2_3', 0),
(790, 87, 3, 1, 0, '3_1', 0),
(791, 87, 3, 2, 0, '3_2', 0),
(792, 87, 3, 3, 0, '3_3', 0),
(793, 88, 1, 1, 0, '1_1', 0),
(794, 88, 1, 2, 0, '1_2', 0),
(795, 88, 1, 3, 0, '1_3', 0),
(796, 88, 2, 1, 0, '2_1', 0),
(797, 88, 2, 2, 0, '2_2', 0),
(798, 88, 2, 3, 0, '2_3', 0),
(799, 88, 3, 1, 0, '3_1', 0),
(800, 88, 3, 2, 0, '3_2', 0),
(801, 88, 3, 3, 0, '3_3', 0),
(802, 89, 1, 1, 0, '1_1', 0),
(803, 89, 1, 2, 0, '1_2', 0),
(804, 89, 1, 3, 0, '1_3', 0),
(805, 89, 2, 1, 0, '2_1', 0),
(806, 89, 2, 2, 0, '2_2', 0),
(807, 89, 2, 3, 0, '2_3', 0),
(808, 89, 3, 1, 0, '3_1', 0),
(809, 89, 3, 2, 0, '3_2', 0),
(810, 89, 3, 3, 0, '3_3', 0),
(811, 90, 1, 1, 0, '1_1', 0),
(812, 90, 1, 2, 0, '1_2', 0),
(813, 90, 1, 3, 0, '1_3', 0),
(814, 90, 2, 1, 0, '2_1', 0),
(815, 90, 2, 2, 0, '2_2', 0),
(816, 90, 2, 3, 0, '2_3', 0),
(817, 90, 3, 1, 0, '3_1', 0),
(818, 90, 3, 2, 0, '3_2', 0),
(819, 90, 3, 3, 0, '3_3', 0),
(820, 91, 1, 1, 0, '1_1', 0),
(821, 91, 1, 2, 0, '1_2', 0),
(822, 91, 1, 3, 0, '1_3', 0),
(823, 91, 2, 1, 0, '2_1', 0),
(824, 91, 2, 2, 0, '2_2', 0),
(825, 91, 2, 3, 0, '2_3', 0),
(826, 91, 3, 1, 0, '3_1', 0),
(827, 91, 3, 2, 0, '3_2', 0),
(828, 91, 3, 3, 0, '3_3', 0),
(829, 92, 1, 1, 0, '1_1', 0),
(830, 92, 1, 2, 0, '1_2', 0),
(831, 92, 1, 3, 0, '1_3', 0),
(832, 92, 2, 1, 0, '2_1', 0),
(833, 92, 2, 2, 0, '2_2', 0),
(834, 92, 2, 3, 0, '2_3', 0),
(835, 92, 3, 1, 0, '3_1', 0),
(836, 92, 3, 2, 0, '3_2', 0),
(837, 92, 3, 3, 0, '3_3', 0),
(838, 93, 1, 1, 0, '1_1', 0),
(839, 93, 1, 2, 0, '1_2', 0),
(840, 93, 1, 3, 0, '1_3', 0),
(841, 93, 2, 1, 0, '2_1', 0),
(842, 93, 2, 2, 0, '2_2', 0),
(843, 93, 2, 3, 0, '2_3', 0),
(844, 93, 3, 1, 0, '3_1', 0),
(845, 93, 3, 2, 0, '3_2', 0),
(846, 93, 3, 3, 0, '3_3', 0),
(847, 94, 1, 1, 0, '1_1', 0),
(848, 94, 1, 2, 0, '1_2', 0),
(849, 94, 1, 3, 0, '1_3', 0),
(850, 94, 2, 1, 0, '2_1', 0),
(851, 94, 2, 2, 0, '2_2', 0),
(852, 94, 2, 3, 0, '2_3', 0),
(853, 94, 3, 1, 0, '3_1', 0),
(854, 94, 3, 2, 0, '3_2', 0),
(855, 94, 3, 3, 0, '3_3', 0),
(856, 95, 1, 1, 0, '1_1', 0),
(857, 95, 1, 2, 0, '1_2', 0),
(858, 95, 1, 3, 0, '1_3', 0),
(859, 95, 2, 1, 0, '2_1', 0),
(860, 95, 2, 2, 0, '2_2', 0),
(861, 95, 2, 3, 0, '2_3', 0),
(862, 95, 3, 1, 0, '3_1', 0),
(863, 95, 3, 2, 0, '3_2', 0),
(864, 95, 3, 3, 0, '3_3', 0),
(865, 96, 1, 1, 0, '1_1', 0),
(866, 96, 1, 2, 0, '1_2', 0),
(867, 96, 1, 3, 0, '1_3', 0),
(868, 96, 2, 1, 0, '2_1', 0),
(869, 96, 2, 2, 0, '2_2', 0),
(870, 96, 2, 3, 0, '2_3', 0),
(871, 96, 3, 1, 0, '3_1', 0),
(872, 96, 3, 2, 0, '3_2', 0),
(873, 96, 3, 3, 0, '3_3', 0),
(874, 97, 1, 1, 0, '1_1', 0),
(875, 97, 1, 2, 0, '1_2', 0),
(876, 97, 1, 3, 0, '1_3', 0),
(877, 97, 2, 1, 0, '2_1', 0),
(878, 97, 2, 2, 0, '2_2', 0),
(879, 97, 2, 3, 0, '2_3', 0),
(880, 97, 3, 1, 0, '3_1', 0),
(881, 97, 3, 2, 0, '3_2', 0),
(882, 97, 3, 3, 0, '3_3', 0),
(883, 98, 1, 1, 0, '1_1', 0),
(884, 98, 1, 2, 0, '1_2', 0),
(885, 98, 1, 3, 0, '1_3', 0),
(886, 98, 2, 1, 0, '2_1', 0),
(887, 98, 2, 2, 0, '2_2', 0),
(888, 98, 2, 3, 0, '2_3', 0),
(889, 98, 3, 1, 0, '3_1', 0),
(890, 98, 3, 2, 0, '3_2', 0),
(891, 98, 3, 3, 0, '3_3', 0),
(892, 99, 1, 1, 0, '1_1', 0),
(893, 99, 1, 2, 0, '1_2', 0),
(894, 99, 1, 3, 0, '1_3', 0),
(895, 99, 2, 1, 0, '2_1', 0),
(896, 99, 2, 2, 0, '2_2', 0),
(897, 99, 2, 3, 0, '2_3', 0),
(898, 99, 3, 1, 0, '3_1', 0),
(899, 99, 3, 2, 0, '3_2', 0),
(900, 99, 3, 3, 0, '3_3', 0),
(901, 100, 1, 1, 0, '1_1', 0),
(902, 100, 1, 2, 0, '1_2', 0),
(903, 100, 1, 3, 0, '1_3', 0),
(904, 100, 2, 1, 0, '2_1', 0),
(905, 100, 2, 2, 0, '2_2', 0),
(906, 100, 2, 3, 0, '2_3', 0),
(907, 100, 3, 1, 0, '3_1', 0),
(908, 100, 3, 2, 0, '3_2', 0),
(909, 100, 3, 3, 0, '3_3', 0),
(910, 101, 1, 1, 0, '1_1', 0),
(911, 101, 1, 2, 0, '1_2', 0),
(912, 101, 1, 3, 0, '1_3', 0),
(913, 101, 2, 1, 0, '2_1', 0),
(914, 101, 2, 2, 0, '2_2', 0),
(915, 101, 2, 3, 0, '2_3', 0),
(916, 101, 3, 1, 0, '3_1', 0),
(917, 101, 3, 2, 0, '3_2', 0),
(918, 101, 3, 3, 0, '3_3', 0),
(919, 102, 1, 1, 0, '1_1', 0),
(920, 102, 1, 2, 0, '1_2', 0),
(921, 102, 1, 3, 0, '1_3', 0),
(922, 102, 2, 1, 0, '2_1', 0),
(923, 102, 2, 2, 0, '2_2', 0),
(924, 102, 2, 3, 0, '2_3', 0),
(925, 102, 3, 1, 0, '3_1', 0),
(926, 102, 3, 2, 0, '3_2', 0),
(927, 102, 3, 3, 0, '3_3', 0),
(928, 103, 1, 1, 1, '1_1', 0),
(929, 103, 1, 2, 0, '1_2', 0),
(930, 103, 1, 3, 0, '1_3', 0),
(931, 103, 2, 1, 0, '2_1', 0),
(932, 103, 2, 2, 0, '2_2', 0),
(933, 103, 2, 3, 0, '2_3', 0),
(934, 103, 3, 1, 0, '3_1', 0),
(935, 103, 3, 2, 0, '3_2', 0),
(936, 103, 3, 3, 0, '3_3', 0),
(937, 104, 1, 1, 0, '1_1', 0),
(938, 104, 1, 2, 0, '1_2', 0),
(939, 104, 1, 3, 0, '1_3', 0),
(940, 104, 2, 1, 1, '2_1', 0),
(941, 104, 2, 2, 0, '2_2', 0),
(942, 104, 2, 3, 0, '2_3', 0),
(943, 104, 3, 1, 0, '3_1', 0),
(944, 104, 3, 2, 0, '3_2', 0),
(945, 104, 3, 3, 0, '3_3', 0),
(946, 105, 1, 1, 0, '1_1', 0),
(947, 105, 1, 2, 0, '1_2', 0),
(948, 105, 1, 3, 0, '1_3', 0),
(949, 105, 2, 1, 0, '2_1', 0),
(950, 105, 2, 2, 0, '2_2', 0),
(951, 105, 2, 3, 0, '2_3', 0),
(952, 105, 3, 1, 0, '3_1', 0),
(953, 105, 3, 2, 0, '3_2', 0),
(954, 105, 3, 3, 0, '3_3', 0),
(955, 106, 1, 1, 0, '1_1', 0),
(956, 106, 1, 2, 0, '1_2', 0),
(957, 106, 1, 3, 0, '1_3', 0),
(958, 106, 2, 1, 0, '2_1', 0),
(959, 106, 2, 2, 0, '2_2', 0),
(960, 106, 2, 3, 0, '2_3', 0),
(961, 106, 3, 1, 0, '3_1', 0),
(962, 106, 3, 2, 0, '3_2', 0),
(963, 106, 3, 3, 0, '3_3', 0),
(964, 107, 1, 1, 0, '1_1', 0),
(965, 107, 1, 2, 0, '1_2', 0),
(966, 107, 1, 3, 0, '1_3', 0),
(967, 107, 2, 1, 0, '2_1', 0),
(968, 107, 2, 2, 0, '2_2', 0),
(969, 107, 2, 3, 0, '2_3', 0),
(970, 107, 3, 1, 0, '3_1', 0),
(971, 107, 3, 2, 0, '3_2', 0),
(972, 107, 3, 3, 0, '3_3', 0),
(973, 108, 1, 1, 0, '1_1', 0),
(974, 108, 1, 2, 0, '1_2', 0),
(975, 108, 1, 3, 0, '1_3', 0),
(976, 108, 2, 1, 0, '2_1', 0),
(977, 108, 2, 2, 0, '2_2', 0),
(978, 108, 2, 3, 0, '2_3', 0),
(979, 108, 3, 1, 0, '3_1', 0),
(980, 108, 3, 2, 0, '3_2', 0),
(981, 108, 3, 3, 0, '3_3', 0),
(982, 109, 1, 1, 0, '1_1', 0),
(983, 109, 1, 2, 0, '1_2', 0),
(984, 109, 1, 3, 0, '1_3', 0),
(985, 109, 2, 1, 0, '2_1', 0),
(986, 109, 2, 2, 0, '2_2', 0),
(987, 109, 2, 3, 0, '2_3', 0),
(988, 109, 3, 1, 0, '3_1', 0),
(989, 109, 3, 2, 0, '3_2', 0),
(990, 109, 3, 3, 0, '3_3', 0),
(991, 110, 1, 1, 0, '1_1', 0),
(992, 110, 1, 2, 0, '1_2', 0),
(993, 110, 1, 3, 0, '1_3', 0),
(994, 110, 2, 1, 0, '2_1', 0),
(995, 110, 2, 2, 0, '2_2', 0),
(996, 110, 2, 3, 0, '2_3', 0),
(997, 110, 3, 1, 0, '3_1', 0),
(998, 110, 3, 2, 0, '3_2', 0),
(999, 110, 3, 3, 0, '3_3', 0),
(1000, 111, 1, 1, 0, '1_1', 0),
(1001, 111, 1, 2, 0, '1_2', 0),
(1002, 111, 1, 3, 0, '1_3', 0),
(1003, 111, 2, 1, 0, '2_1', 0),
(1004, 111, 2, 2, 0, '2_2', 0),
(1005, 111, 2, 3, 0, '2_3', 0),
(1006, 111, 3, 1, 0, '3_1', 0),
(1007, 111, 3, 2, 0, '3_2', 0),
(1008, 111, 3, 3, 0, '3_3', 0),
(1009, 112, 1, 1, 0, '1_1', 0),
(1010, 112, 1, 2, 0, '1_2', 0),
(1011, 112, 1, 3, 0, '1_3', 0),
(1012, 112, 2, 1, 0, '2_1', 0),
(1013, 112, 2, 2, 0, '2_2', 0),
(1014, 112, 2, 3, 0, '2_3', 0),
(1015, 112, 3, 1, 0, '3_1', 0),
(1016, 112, 3, 2, 0, '3_2', 0),
(1017, 112, 3, 3, 0, '3_3', 0),
(1018, 113, 1, 1, 0, '1_1', 0),
(1019, 113, 1, 2, 0, '1_2', 0),
(1020, 113, 1, 3, 0, '1_3', 0),
(1021, 113, 2, 1, 0, '2_1', 0),
(1022, 113, 2, 2, 0, '2_2', 0),
(1023, 113, 2, 3, 0, '2_3', 0),
(1024, 113, 3, 1, 0, '3_1', 0),
(1025, 113, 3, 2, 0, '3_2', 0),
(1026, 113, 3, 3, 0, '3_3', 0),
(1027, 114, 1, 1, 0, '1_1', 0),
(1028, 114, 1, 2, 0, '1_2', 0),
(1029, 114, 1, 3, 0, '1_3', 0),
(1030, 114, 2, 1, 0, '2_1', 0),
(1031, 114, 2, 2, 0, '2_2', 0),
(1032, 114, 2, 3, 0, '2_3', 0),
(1033, 114, 3, 1, 0, '3_1', 0),
(1034, 114, 3, 2, 0, '3_2', 0),
(1035, 114, 3, 3, 0, '3_3', 0),
(1036, 115, 1, 1, 0, '1_1', 0),
(1037, 115, 1, 2, 0, '1_2', 0),
(1038, 115, 1, 3, 0, '1_3', 0),
(1039, 115, 2, 1, 0, '2_1', 0),
(1040, 115, 2, 2, 0, '2_2', 0),
(1041, 115, 2, 3, 0, '2_3', 0),
(1042, 115, 3, 1, 0, '3_1', 0),
(1043, 115, 3, 2, 0, '3_2', 0),
(1044, 115, 3, 3, 0, '3_3', 0),
(1045, 116, 1, 1, 0, '1_1', 0),
(1046, 116, 1, 2, 0, '1_2', 0),
(1047, 116, 1, 3, 0, '1_3', 0),
(1048, 116, 2, 1, 0, '2_1', 0),
(1049, 116, 2, 2, 0, '2_2', 0),
(1050, 116, 2, 3, 0, '2_3', 0),
(1051, 116, 3, 1, 0, '3_1', 0),
(1052, 116, 3, 2, 0, '3_2', 0),
(1053, 116, 3, 3, 0, '3_3', 0),
(1054, 117, 1, 1, 0, '1_1', 0),
(1055, 117, 1, 2, 0, '1_2', 0),
(1056, 117, 1, 3, 0, '1_3', 0),
(1057, 117, 2, 1, 0, '2_1', 0),
(1058, 117, 2, 2, 0, '2_2', 0),
(1059, 117, 2, 3, 0, '2_3', 0),
(1060, 117, 3, 1, 0, '3_1', 0),
(1061, 117, 3, 2, 0, '3_2', 0),
(1062, 117, 3, 3, 0, '3_3', 0),
(1063, 118, 1, 1, 0, '1_1', 0),
(1064, 118, 1, 2, 0, '1_2', 0),
(1065, 118, 1, 3, 0, '1_3', 0),
(1066, 118, 2, 1, 0, '2_1', 0),
(1067, 118, 2, 2, 0, '2_2', 0),
(1068, 118, 2, 3, 0, '2_3', 0),
(1069, 118, 3, 1, 0, '3_1', 0),
(1070, 118, 3, 2, 0, '3_2', 0),
(1071, 118, 3, 3, 0, '3_3', 0),
(1072, 119, 1, 1, 0, '1_1', 0),
(1073, 119, 1, 2, 0, '1_2', 0),
(1074, 119, 1, 3, 0, '1_3', 0),
(1075, 119, 2, 1, 0, '2_1', 0),
(1076, 119, 2, 2, 0, '2_2', 0),
(1077, 119, 2, 3, 0, '2_3', 0),
(1078, 119, 3, 1, 0, '3_1', 0),
(1079, 119, 3, 2, 0, '3_2', 0),
(1080, 119, 3, 3, 0, '3_3', 0),
(1081, 120, 1, 1, 0, '1_1', 0),
(1082, 120, 1, 2, 0, '1_2', 0),
(1083, 120, 1, 3, 0, '1_3', 0),
(1084, 120, 2, 1, 0, '2_1', 0),
(1085, 120, 2, 2, 0, '2_2', 0),
(1086, 120, 2, 3, 0, '2_3', 0),
(1087, 120, 3, 1, 0, '3_1', 0),
(1088, 120, 3, 2, 0, '3_2', 0),
(1089, 120, 3, 3, 0, '3_3', 0),
(1090, 121, 1, 1, 0, '1_1', 0),
(1091, 121, 1, 2, 0, '1_2', 0),
(1092, 121, 1, 3, 0, '1_3', 0),
(1093, 121, 2, 1, 0, '2_1', 0),
(1094, 121, 2, 2, 0, '2_2', 0),
(1095, 121, 2, 3, 0, '2_3', 0),
(1096, 121, 3, 1, 0, '3_1', 0),
(1097, 121, 3, 2, 0, '3_2', 0),
(1098, 121, 3, 3, 0, '3_3', 0),
(1099, 122, 1, 1, 0, '1_1', 0),
(1100, 122, 1, 2, 0, '1_2', 0),
(1101, 122, 1, 3, 0, '1_3', 0),
(1102, 122, 2, 1, 0, '2_1', 0),
(1103, 122, 2, 2, 0, '2_2', 0),
(1104, 122, 2, 3, 0, '2_3', 0),
(1105, 122, 3, 1, 0, '3_1', 0),
(1106, 122, 3, 2, 0, '3_2', 0),
(1107, 122, 3, 3, 0, '3_3', 0),
(1108, 123, 1, 1, 0, '1_1', 0),
(1109, 123, 1, 2, 0, '1_2', 0),
(1110, 123, 1, 3, 0, '1_3', 0),
(1111, 123, 2, 1, 0, '2_1', 0),
(1112, 123, 2, 2, 0, '2_2', 0),
(1113, 123, 2, 3, 0, '2_3', 0),
(1114, 123, 3, 1, 0, '3_1', 0),
(1115, 123, 3, 2, 0, '3_2', 0),
(1116, 123, 3, 3, 0, '3_3', 0),
(1117, 124, 1, 1, 0, '1_1', 0),
(1118, 124, 1, 2, 0, '1_2', 0),
(1119, 124, 1, 3, 0, '1_3', 0),
(1120, 124, 2, 1, 0, '2_1', 0),
(1121, 124, 2, 2, 0, '2_2', 0),
(1122, 124, 2, 3, 0, '2_3', 0),
(1123, 124, 3, 1, 0, '3_1', 0),
(1124, 124, 3, 2, 0, '3_2', 0),
(1125, 124, 3, 3, 0, '3_3', 0),
(1126, 125, 1, 1, 0, '1_1', 0),
(1127, 125, 1, 2, 0, '1_2', 0),
(1128, 125, 1, 3, 0, '1_3', 0),
(1129, 125, 2, 1, 0, '2_1', 0),
(1130, 125, 2, 2, 0, '2_2', 0),
(1131, 125, 2, 3, 0, '2_3', 0),
(1132, 125, 3, 1, 0, '3_1', 0),
(1133, 125, 3, 2, 0, '3_2', 0),
(1134, 125, 3, 3, 0, '3_3', 0),
(1135, 126, 1, 1, 0, '1_1', 0),
(1136, 126, 1, 2, 0, '1_2', 0),
(1137, 126, 1, 3, 0, '1_3', 0),
(1138, 126, 2, 1, 0, '2_1', 0),
(1139, 126, 2, 2, 0, '2_2', 0),
(1140, 126, 2, 3, 0, '2_3', 0),
(1141, 126, 3, 1, 0, '3_1', 0),
(1142, 126, 3, 2, 0, '3_2', 0),
(1143, 126, 3, 3, 0, '3_3', 0),
(1144, 127, 1, 1, 0, '1_1', 0),
(1145, 127, 1, 2, 0, '1_2', 0),
(1146, 127, 1, 3, 0, '1_3', 0),
(1147, 127, 2, 1, 0, '2_1', 0),
(1148, 127, 2, 2, 0, '2_2', 0),
(1149, 127, 2, 3, 0, '2_3', 0),
(1150, 127, 3, 1, 0, '3_1', 0),
(1151, 127, 3, 2, 0, '3_2', 0),
(1152, 127, 3, 3, 0, '3_3', 0),
(1153, 128, 1, 1, 0, '1_1', 0),
(1154, 128, 1, 2, 0, '1_2', 0),
(1155, 128, 1, 3, 0, '1_3', 0),
(1156, 128, 2, 1, 0, '2_1', 0),
(1157, 128, 2, 2, 0, '2_2', 0),
(1158, 128, 2, 3, 0, '2_3', 0),
(1159, 128, 3, 1, 0, '3_1', 0),
(1160, 128, 3, 2, 0, '3_2', 0),
(1161, 128, 3, 3, 0, '3_3', 0),
(1162, 129, 1, 1, 0, '1_1', 0),
(1163, 129, 1, 2, 0, '1_2', 0),
(1164, 129, 1, 3, 0, '1_3', 0),
(1165, 129, 2, 1, 0, '2_1', 0),
(1166, 129, 2, 2, 0, '2_2', 0),
(1167, 129, 2, 3, 0, '2_3', 0),
(1168, 129, 3, 1, 0, '3_1', 0),
(1169, 129, 3, 2, 0, '3_2', 0),
(1170, 129, 3, 3, 0, '3_3', 0),
(1171, 130, 1, 1, 0, '1_1', 0),
(1172, 130, 1, 2, 0, '1_2', 0),
(1173, 130, 1, 3, 0, '1_3', 0),
(1174, 130, 2, 1, 0, '2_1', 0),
(1175, 130, 2, 2, 0, '2_2', 0),
(1176, 130, 2, 3, 0, '2_3', 0),
(1177, 130, 3, 1, 0, '3_1', 0),
(1178, 130, 3, 2, 0, '3_2', 0),
(1179, 130, 3, 3, 0, '3_3', 0),
(1180, 131, 1, 1, 0, '1_1', 0),
(1181, 131, 1, 2, 0, '1_2', 0),
(1182, 131, 1, 3, 0, '1_3', 0),
(1183, 131, 2, 1, 0, '2_1', 0),
(1184, 131, 2, 2, 0, '2_2', 0),
(1185, 131, 2, 3, 0, '2_3', 0),
(1186, 131, 3, 1, 0, '3_1', 0),
(1187, 131, 3, 2, 0, '3_2', 0),
(1188, 131, 3, 3, 0, '3_3', 0),
(1189, 132, 1, 1, 0, '1_1', 0),
(1190, 132, 1, 2, 0, '1_2', 0),
(1191, 132, 1, 3, 0, '1_3', 0),
(1192, 132, 2, 1, 0, '2_1', 0),
(1193, 132, 2, 2, 0, '2_2', 0),
(1194, 132, 2, 3, 0, '2_3', 0),
(1195, 132, 3, 1, 0, '3_1', 0),
(1196, 132, 3, 2, 0, '3_2', 0),
(1197, 132, 3, 3, 0, '3_3', 0),
(1198, 133, 1, 1, 0, '1_1', 0),
(1199, 133, 1, 2, 0, '1_2', 0),
(1200, 133, 1, 3, 0, '1_3', 0),
(1201, 133, 2, 1, 0, '2_1', 0),
(1202, 133, 2, 2, 0, '2_2', 0),
(1203, 133, 2, 3, 0, '2_3', 0),
(1204, 133, 3, 1, 0, '3_1', 0),
(1205, 133, 3, 2, 0, '3_2', 0),
(1206, 133, 3, 3, 0, '3_3', 0),
(1207, 134, 1, 1, 0, '1_1', 0),
(1208, 134, 1, 2, 0, '1_2', 0),
(1209, 134, 1, 3, 0, '1_3', 0),
(1210, 134, 2, 1, 0, '2_1', 0),
(1211, 134, 2, 2, 0, '2_2', 0),
(1212, 134, 2, 3, 0, '2_3', 0),
(1213, 134, 3, 1, 0, '3_1', 0),
(1214, 134, 3, 2, 0, '3_2', 0),
(1215, 134, 3, 3, 0, '3_3', 0),
(1216, 135, 1, 1, 0, '1_1', 0),
(1217, 135, 1, 2, 0, '1_2', 0),
(1218, 135, 1, 3, 0, '1_3', 0),
(1219, 135, 2, 1, 0, '2_1', 0),
(1220, 135, 2, 2, 0, '2_2', 0),
(1221, 135, 2, 3, 0, '2_3', 0),
(1222, 135, 3, 1, 0, '3_1', 0),
(1223, 135, 3, 2, 0, '3_2', 0),
(1224, 135, 3, 3, 0, '3_3', 0),
(1225, 136, 1, 1, 0, '1_1', 0),
(1226, 136, 1, 2, 0, '1_2', 0),
(1227, 136, 1, 3, 0, '1_3', 0),
(1228, 136, 2, 1, 0, '2_1', 0),
(1229, 136, 2, 2, 0, '2_2', 0),
(1230, 136, 2, 3, 0, '2_3', 0),
(1231, 136, 3, 1, 0, '3_1', 0),
(1232, 136, 3, 2, 0, '3_2', 0),
(1233, 136, 3, 3, 0, '3_3', 0),
(1234, 137, 1, 1, 0, '1_1', 0),
(1235, 137, 1, 2, 0, '1_2', 0),
(1236, 137, 1, 3, 0, '1_3', 0),
(1237, 137, 2, 1, 0, '2_1', 0),
(1238, 137, 2, 2, 0, '2_2', 0),
(1239, 137, 2, 3, 0, '2_3', 0),
(1240, 137, 3, 1, 0, '3_1', 0),
(1241, 137, 3, 2, 0, '3_2', 0),
(1242, 137, 3, 3, 0, '3_3', 0),
(1243, 138, 1, 1, 0, '1_1', 0),
(1244, 138, 1, 2, 0, '1_2', 0),
(1245, 138, 1, 3, 0, '1_3', 0),
(1246, 138, 2, 1, 0, '2_1', 0),
(1247, 138, 2, 2, 0, '2_2', 0),
(1248, 138, 2, 3, 0, '2_3', 0),
(1249, 138, 3, 1, 0, '3_1', 0),
(1250, 138, 3, 2, 0, '3_2', 0),
(1251, 138, 3, 3, 0, '3_3', 0),
(1252, 139, 1, 1, 0, '1_1', 0),
(1253, 139, 1, 2, 0, '1_2', 0),
(1254, 139, 1, 3, 0, '1_3', 0),
(1255, 139, 2, 1, 0, '2_1', 0),
(1256, 139, 2, 2, 0, '2_2', 0),
(1257, 139, 2, 3, 0, '2_3', 0),
(1258, 139, 3, 1, 0, '3_1', 0),
(1259, 139, 3, 2, 0, '3_2', 0),
(1260, 139, 3, 3, 0, '3_3', 0),
(1261, 140, 1, 1, 0, '1_1', 0),
(1262, 140, 1, 2, 0, '1_2', 0),
(1263, 140, 1, 3, 0, '1_3', 0),
(1264, 140, 2, 1, 0, '2_1', 0),
(1265, 140, 2, 2, 0, '2_2', 0),
(1266, 140, 2, 3, 0, '2_3', 0),
(1267, 140, 3, 1, 0, '3_1', 0),
(1268, 140, 3, 2, 0, '3_2', 0),
(1269, 140, 3, 3, 0, '3_3', 0),
(1275, 141, 2, 3, 0, '2_3', 0),
(1276, 141, 3, 1, 0, '3_1', 0),
(1277, 141, 3, 2, 0, '3_2', 0),
(1278, 141, 3, 3, 0, '3_3', 0);

-- --------------------------------------------------------

--
-- Table structure for table `binhluan`
--

CREATE TABLE `binhluan` (
  `id` int(10) NOT NULL,
  `comment` varchar(255) NOT NULL,
  `iduser` int(10) NOT NULL,
  `idsp` int(10) NOT NULL,
  `date` date DEFAULT NULL,
  `trangthai` int(11) DEFAULT NULL
) ENGINE=InnoDB DEFAULT CHARSET=utf8mb4 COLLATE=utf8mb4_general_ci;

--
-- Dumping data for table `binhluan`
--

INSERT INTO `binhluan` (`id`, `comment`, `iduser`, `idsp`, `date`, `trangthai`) VALUES
(115, 'dsa', 17, 39, '2023-12-03', 1),
(116, 'dsa', 17, 82, '2023-12-03', 1),
(117, 'dá', 17, 82, '2023-12-03', 1),
(121, 'sản phẩm tốt', 18, 35, '2023-12-06', 1),
(122, 'Sản phẩm khá ổn', 17, 44, '2023-12-08', 1);

-- --------------------------------------------------------

--
-- Table structure for table `chitietdh`
--

CREATE TABLE `chitietdh` (
  `thanhtoan` int(11) NOT NULL,
  `date` date NOT NULL,
  `sale` int(11) NOT NULL,
  `thanhtien` int(11) DEFAULT NULL,
  `madh` varchar(225) NOT NULL,
  `hoten` varchar(225) NOT NULL,
  `sdt` int(13) NOT NULL,
  `diachi` varchar(225) NOT NULL
) ENGINE=InnoDB DEFAULT CHARSET=utf8mb4 COLLATE=utf8mb4_general_ci;

--
-- Dumping data for table `chitietdh`
--

INSERT INTO `chitietdh` (`thanhtoan`, `date`, `sale`, `thanhtien`, `madh`, `hoten`, `sdt`, `diachi`) VALUES
(0, '2023-11-15', 0, 4182000, '20231210164909', 'Nguyễn Tình', 366904133, 'Tỉnh Bắc Giang-Huyện Yên Thế-Thị trấn Phồn Xương'),
(0, '2021-12-15', 0, 1394000, '20231210165636', 'Phạm Uyên', 862201005, 'Tỉnh Tuyên Quang-Huyện Lâm Bình-Xã Lăng Can'),
(0, '2023-12-10', 0, 1394000, '20231210170302', 'Nguyễn Tình', 366904133, 'Tỉnh Bắc Giang-Huyện Yên Thế-Xã An Thượng'),
(0, '2023-11-15', 0, 4878000, '20231210170726', 'Nguyễn Tình', 366904133, 'Tỉnh Phú Thọ-Huyện Lâm Thao-Xã Tiên Kiên'),
(1, '2023-10-17', 0, 5576000, '20231210170850', 'Nguyễn Tình', 366904133, 'Tỉnh Vĩnh Phúc-Huyện Lập Thạch-Xã Đình Chu'),
(1, '2023-10-18', 0, 1394000, '20231210171007', 'Nguyễn Tình', 366904133, 'Tỉnh Bắc Ninh-Huyện Yên Phong-Xã Đông Phong'),
(0, '2023-09-11', 50000, 2311000, '20231210171349', 'Nguyễn Tình', 366904133, 'Tỉnh Phú Thọ-Huyện Thanh Sơn-Xã Đông Cửu');

-- --------------------------------------------------------

--
-- Table structure for table `color`
--

CREATE TABLE `color` (
  `id` int(11) NOT NULL,
  `color` varchar(11) NOT NULL
) ENGINE=InnoDB DEFAULT CHARSET=utf8mb4 COLLATE=utf8mb4_general_ci;

--
-- Dumping data for table `color`
--

INSERT INTO `color` (`id`, `color`) VALUES
(1, 'Xanh'),
(2, 'Đỏ'),
(3, 'Vàng');

-- --------------------------------------------------------

--
-- Table structure for table `danhgia`
--

CREATE TABLE `danhgia` (
  `id` int(11) NOT NULL,
  `iduser` int(11) NOT NULL,
  `binhluan` varchar(225) NOT NULL,
  `idbienthe` int(11) NOT NULL,
  `danhgia` int(11) NOT NULL
) ENGINE=InnoDB DEFAULT CHARSET=utf8mb4 COLLATE=utf8mb4_general_ci;

--
-- Dumping data for table `danhgia`
--

INSERT INTO `danhgia` (`id`, `iduser`, `binhluan`, `idbienthe`, `danhgia`) VALUES
(178, 18, '111', 2, 5),
(179, 17, 'abc', 7, 2),
(180, 18, 'Sản phẩm tuyệt vời', 24, 5),
(181, 17, 'Sản phẩm rất đẹp\r\n', 303, 4),
(182, 17, 'đẹp', 302, 5),
(183, 17, 'đã mua lần 3 nhưng vẫn rất ưng', 304, 5),
(184, 17, 'sản phẩm rất tốt', 31, 4),
(185, 17, 'Sản phẩm đẹp', 23, 5);

-- --------------------------------------------------------

--
-- Table structure for table `danhmuc`
--

CREATE TABLE `danhmuc` (
  `id` int(11) NOT NULL,
  `name` varchar(255) NOT NULL,
  `trangthai` int(11) DEFAULT NULL,
  `img` varchar(225) NOT NULL,
  `mota` varchar(225) NOT NULL
) ENGINE=InnoDB DEFAULT CHARSET=utf8mb4 COLLATE=utf8mb4_general_ci;

--
-- Dumping data for table `danhmuc`
--

INSERT INTO `danhmuc` (`id`, `name`, `trangthai`, `img`, `mota`) VALUES
(1, 'Nike', 1, '1-1-400x250.jpg', 'Nơi nâng tầm phong cách và hiệu suất, mỗi đôi giày là hành trình của sự đổi mới và đẳng cấp.'),
(2, 'Jordan', 1, '1-3-400x250.jpg', 'Nơi tinh hoa thể thao và phong cách kết hợp, mỗi đôi giày là biểu tượng của sự độc đáo, sức mạnh'),
(3, 'MLB', 1, '1-2-400x250.jpg', 'Phong cách hòa quyện trong từng đường nét, biến mỗi đôi giày thành biểu tượng của đam mê.');

-- --------------------------------------------------------

--
-- Table structure for table `lienhe`
--

CREATE TABLE `lienhe` (
  `id` int(11) NOT NULL,
  `noidung` varchar(500) NOT NULL,
  `fullname` varchar(100) NOT NULL,
  `email` varchar(100) NOT NULL,
  `tel` int(11) NOT NULL
) ENGINE=InnoDB DEFAULT CHARSET=utf8mb4 COLLATE=utf8mb4_general_ci;

-- --------------------------------------------------------

--
-- Table structure for table `phanloaidh`
--

CREATE TABLE `phanloaidh` (
  `iduser` int(11) NOT NULL,
  `soluong` int(11) NOT NULL,
  `idtrangthai` int(11) NOT NULL,
  `id` int(11) NOT NULL,
  `madh` varchar(225) DEFAULT NULL,
  `bienthe` int(11) DEFAULT NULL,
  `danhgia` int(11) NOT NULL
) ENGINE=InnoDB DEFAULT CHARSET=utf8mb4 COLLATE=utf8mb4_general_ci;

--
-- Dumping data for table `phanloaidh`
--

INSERT INTO `phanloaidh` (`iduser`, `soluong`, `idtrangthai`, `id`, `madh`, `bienthe`, `danhgia`) VALUES
(17, 3, 6, 362, '20231210164909', 25, 0),
(17, 3, 3, 363, '20231210170850', 27, 0),
(17, 1, 5, 364, '20231210170726', 31, 1),
(18, 1, 6, 365, '20231210165636', 25, 0),
(17, 1, 6, 366, '20231210170302', 25, 0),
(17, 1, 3, 367, '20231210170850', 21, 0),
(17, 1, 5, 368, '20231210170726', 23, 1),
(17, 1, 3, 369, '20231210171007', 25, 0),
(17, 1, 3, 370, '20231210171349', 295, 0);

-- --------------------------------------------------------

--
-- Table structure for table `sanpham`
--

CREATE TABLE `sanpham` (
  `id` int(11) NOT NULL,
  `name` varchar(255) NOT NULL,
  `price` double(10,2) NOT NULL DEFAULT 0.00,
  `img` varchar(255) NOT NULL,
  `mota` text NOT NULL,
  `luotxem` int(11) NOT NULL DEFAULT 0,
  `iddm` int(11) NOT NULL,
  `sale` int(11) DEFAULT NULL,
  `trangthai` int(11) DEFAULT NULL,
  `masp` varchar(225) NOT NULL
) ENGINE=InnoDB DEFAULT CHARSET=utf8mb4 COLLATE=utf8mb4_general_ci;

--
-- Dumping data for table `sanpham`
--

INSERT INTO `sanpham` (`id`, `name`, `price`, `img`, `mota`, `luotxem`, `iddm`, `sale`, `trangthai`, `masp`) VALUES
(1, 'Nike Bruin', 3079000.00, 'nike (1).jpg', ' Đôi giày bóng rổ đầu tiên của Nike. Nó có đế cao su dày và phần trên bằng da, mang lại sự hỗ trợ và độ bền.', 2055, 1, 40, 1, ' 1701742732'),
(2, 'Nike Cortez', 1064000.00, 'nike (3).jpg', 'Đôi giày chạy bộ mang tính biểu tượng của Nike. Nó có đế cao su và phần trên bằng da, mang lại sự thoải mái và hỗ trợ.', 1754, 1, 40, 1, ' 1701742735'),
(3, 'Nike Tailwind', 1394000.00, 'nike (5).jpg', 'Đôi giày chạy bộ đầu tiên của Nike có đế khí. Nó có đế khí lớn ở gót chân, mang lại sự êm ái và thoải mái.', 3040, 1, 40, 1, ' 1701742738'),
(4, 'Nike Air Force 1', 3484000.00, 'nike (4).jpg', 'Đôi giày bóng rổ mang tính biểu tượng của Nike. Nó có đế khí ở gót chân, mang lại sự êm ái và thoải mái.', 2819, 1, 40, 1, ' 1701742741'),
(5, 'Nike Air Jordan 1', 1818000.00, 'nike (6).jpg', 'Đôi giày bóng rổ mang tính biểu tượng của Michael Jordan. Nó có thiết kế táo bạo và nổi bật, với phần trên bằng da và logo Jumpman.', 4896, 1, 40, 0, ' 1701742744'),
(6, 'Nike Air Max 1', 2497000.00, 'nike (7).jpg', 'Đôi giày chạy bộ mang tính cách mạng của Nike. Nó là đôi giày đầu tiên có đế khí visible, cho phép người dùng cảm nhận được độ đàn hồi và thoải mái.', 2467, 1, 40, 0, ' 1701742747'),
(7, 'Nike Air Max 90', 3665000.00, 'nike (8).jpg', 'Phiên bản nâng cấp của Air Max 1, với phần trên được làm bằng chất liệu nhẹ và thoáng khí hơn.', 2457, 1, 40, 0, ' 1701742750'),
(8, 'Nike Air Max 95', 1560000.00, 'nike (9).jpg', 'Đôi giày chạy bộ mang tính đột phá của Nike. Nó có thiết kế độc đáo với các lỗ Air visible được đặt ở các vị trí khác nhau trên đế giày.', 4588, 1, 40, 1, ' 1701742753'),
(9, 'Nike Waffle Racer', 1910000.00, 'nike (10).jpg', 'Đôi giày chạy bộ đầu tiên của Nike, được thiết kế bởi Bill Bowerman. Nó có đế waffle đặc trưng, giúp tăng độ bám', 2091, 1, 40, 1, ' 1701742756'),
(10, 'Nike Air Max Plus', 2466000.00, 'nike (11).jpg', 'Đôi giày chạy bộ mang tính cách mạng của Nike. Nó có thiết kế táo bạo và nổi bật, với phần trên bằng lưới và logo Swoosh lớn.', 4254, 1, 40, 1, ' 1701742759'),
(11, 'Nike Air Max 98', 2187000.00, 'nike (12).jpg', 'Đôi giày chạy bộ mang tính biểu tượng của Nike. Nó có thiết kế độc đáo với phần đế giày được bao phủ bởi các lỗ Air visible.', 3404, 1, 40, 1, ' 1701742762'),
(12, 'Nike Air Max TN', 3109000.00, 'nike (13).jpg', 'Phiên bản giới hạn của Air Max Plus, được phát hành ở Úc. Nó có thiết kế táo bạo và nổi bật, với phần trên bằng lưới và logo Swoosh lớn.', 2090, 1, 40, 1, ' 1701742765'),
(13, 'Nike Air Max 2000', 2386000.00, 'nike (14).jpg', 'Đôi giày chạy bộ mang tính cách mạng của Nike. Nó có thiết kế độc đáo với phần đế giày được bao phủ bởi các lỗ Air visible', 2431, 1, 40, 1, ' 1701742768'),
(14, 'Nike Air Max 2002', 2727000.00, 'nike (15).jpg', 'Đôi giày chạy bộ mang tính biểu tượng của Nike. Nó có thiết kế táo bạo và nổi bật, với phần trên bằng lưới và logo Swoosh lớn.', 3932, 1, 40, 1, ' 1701742771'),
(15, 'Nike Air Max 2003', 1082000.00, 'nike (16).jpg', 'Đôi giày chạy bộ mang tính biểu tượng của Nike. Nó có thiết kế độc đáo với phần đế giày được bao phủ bởi các lỗ Air visible.', 2732, 1, 40, 1, ' 1701742774'),
(16, 'Nike Air Max 360', 3296000.00, 'nike (17).jpg', 'Đôi giày chạy bộ mang tính cách mạng của Nike. Nó có đế khí bao phủ toàn bộ đế giày, mang lại sự thoải mái và hỗ trợ', 3388, 1, 40, 1, ' 1701742777'),
(17, 'Nike Air Max 180', 2626000.00, 'nike (18).jpg', 'Đôi giày chạy bộ mang tính biểu tượng của Nike. Nó có đế khí lớn ở gót chân, mang lại sự thoải mái và hỗ trợ', 4434, 1, 40, 1, ' 1701742780'),
(18, 'Nike Air Max 32', 2671000.00, 'nike (19).jpg', 'Đôi giày bóng rổ mang tính cách mạng của Nike. Nó có đế khí lớn ở gót chân, mang lại sự thoải mái và hỗ trợ', 4576, 1, 40, 1, ' 1701742783'),
(19, 'Nike Air Max 24/7', 3307000.00, 'nike (20).jpg', 'Đôi giày chạy bộ mang tính biểu tượng của Nike. Nó có thiết kế độc đáo với phần', 1746, 1, 40, 1, ' 1701742786'),
(20, 'Adidas Adizero Afterburner V Cleats', 1029000.00, 'mlb (1).jpg', 'Đôi giày chuyên dụng cho môn bóng chày, có đế nổi tiếng Adizero của Adidas, giảm trọng lượng và tăng độ bám trên sân.', 3319, 3, 40, 1, ' 1701743089'),
(21, 'New Balance 4040v4 Metal Cleats', 2050000.00, 'mlb (2).jpg', 'Đôi giày có đế chắc chắn và miếng lót thoáng khí để hỗ trợ các vận động viên ở vị trí chạy nhanh trên sân.', 4762, 3, 40, 1, ' 1701743092'),
(22, 'Under Armour Harper 4 Mid Metal Cleats', 3398000.00, 'mlb (3).jpg', 'Đôi giày được thiết kế đặc biệt cho Bryce Harper, với đế chắc chắn, hỗ trợ và mang lại sự ổn định khi chơi bóng.', 4134, 3, 40, 1, ' 1701743095'),
(23, 'Nike Air Max MVP Elite 3/4 Metal Cleats', 3369000.00, 'mlb (4).jpg', 'Đôi giày chất lượng cao với đế metal và công nghệ Air Max của Nike, đem lại sự thoải mái và độ bám tốt trên sân', 3482, 3, 40, 1, ' 1701743098'),
(24, 'Adidas Adizero 8.0 Uncaged Cleats', 2651000.00, 'mlb (5).jpg', 'Được xem là một trong những đôi giày bóng chày nhẹ nhất trên thị trường, với chất liệu nhẹ và kiểu dáng tối giản.', 2098, 3, 40, 1, ' 1701743101'),
(25, ' Nike Waffle Racer ', 3126000.00, 'nike (1).jpg', ' Đôi giày chạy bộ đầu tiên của Nike, được thiết kế bởi Bill Bowerman. Nó có đế waffle đặc trưng, giúp tăng độ bám ', 3061, 1, 40, 1, ' 1701742789'),
(26, 'New Balance Fresh Foam LAZR v2 Cleats', 1833000.00, 'mlb (6).jpg', 'Đôi giày cung cấp sự thoải mái và hỗ trợ tốt nhờ công nghệ đệm Fresh Foam đặc biệt của New Balance.', 2403, 3, 40, 1, ' 1701743132'),
(27, 'Under Armour Yard Low ST Cleats', 3230000.00, 'mlb (7).jpg', 'Đôi giày chuyên dụng cho cỏ tự nhiên, có đế chắc chắn và khả năng bám trên sân cỏ tốt.', 2536, 3, 40, 1, ' 1701743135'),
(28, 'Nike Force Trout 6 Pro Metal Cleats', 3426000.00, 'mlb (8).jpg', 'Đôi giày thiết kế đặc biệt cho Mike Trout, với đế kim loại và công nghệ Nike Zoom Air để tăng cường hiệu suất chơi bóng.', 1346, 3, 40, 1, ' 1701743138'),
(29, 'Adidas Icon 4 Cleats', 3101000.00, 'mlb (9).jpg', 'Đôi giày bóng chày với thiết kế đơn giản, tạo cảm giác thoải mái và bền bỉ trên sân.', 3916, 3, 40, 1, ' 1701743141'),
(30, 'New Balance 574 Baseball Cleats', 2511000.00, 'mlb (10).jpg', 'Đôi giày có kiểu dáng retro và thoải mái, đặc biệt được thiết kế cho các hoạt động bóng chày.', 4533, 3, 40, 1, ' 1701743144'),
(31, 'Under Armour Yard Trainer Shoes', 1025000.00, 'mlb (11).jpg', 'Đôi giày huấn luyện đa năng với đế êm ái và hỗ trợ tốt cho các hoạt động thể thao.', 4000, 3, 40, 1, ' 1701743147'),
(32, 'Nike Air Max', 3867000.00, 'joden (1).jpg', 'Đôi giày thể thao từ Nike với thiết kế đặc trưng và công nghệ Air Max để cung cấp đệm êm ái và thoáng khí tốt.', 2899, 2, 40, 1, ' 1701743150'),
(33, 'Adidas Superstar', 2361000.00, 'joden (2).jpg', ': Đôi giày thành danh của Adidas với mũi giày cao su đen và dải sọc ba sọc đặc trưng, mang lại phong cách cổ điển và cá tính.', 2895, 2, 40, 1, ' 1701743174'),
(34, 'Converse Chuck Taylor All Star', 1564000.00, 'joden (3).jpg', 'Giày cao cổ từ Converse với thiết kế đơn giản, phong cách retro, và là biểu tượng của người sử dụng giày thể thao hàng ngày.', 4705, 2, 40, 1, ' 1701743177'),
(35, 'Vans Old Skool', 1814000.00, 'joden (4).jpg', 'Giày skateboard cổ điển của Vans với dải sọc hai bên và đế cao su waffle đặc trưng, tạo nên phong cách đơn giản và thời trang.', 2439, 2, 40, 1, ' 1701743180'),
(36, 'Puma Suede Classic', 1764000.00, 'joden (5).jpg', 'Đôi giày da từ Puma với thiết kế thấp cổ và mặt ngoài da lì, mang đến sự thoải mái và phong cách độc đáo.', 1244, 2, 40, 1, ' 1701743183'),
(37, 'Reebok Classic Leather', 1764000.00, 'joden (6).jpg', 'Đôi giày da từ Reebok với thiết kế đơn giản và đế giữa êm ái, tạo nên phong cách thể thao phối cùng với trang phục hàng ngày.', 3383, 2, 40, 1, ' 1701743186'),
(38, 'New Balance 574', 2417000.00, 'joden (7).jpg', ': Đôi giày chạy bộ từ New Balance với thiết kế retro và công nghệ đệm tốt, tạo cảm giác thoải mái và hỗ trợ cho đôi chân.', 4447, 2, 40, 1, ' 1701743189'),
(39, 'Asics Gel-Lyte III', 2563000.00, 'joden (8).jpg', 'Đôi giày chạy từ Asics với thiết kế phối màu độc đáo và công nghệ đệm gel, mang lại sự êm ái và kiểu dáng đặc trưng.', 4293, 2, 40, 1, ' 1701743192'),
(40, 'Saucony Jazz Original', 1778000.00, 'joden (9).jpg', ': Đôi giày chạy từ Saucony với thiết kế retro và đế giữa đệm êm ái, tạo nên sự thoải mái trong hoạt động chạy bộ.', 1380, 2, 40, 1, ' 1701743195'),
(41, 'Jordan Retro', 2035000.00, 'joden (10).jpg', 'Đôi giày từ dòng sản phẩm Air Jordan của Nike, mang lại phong cách thể thao và hình ảnh của huyền thoại Michael Jordan.', 2872, 2, 40, 1, ' 1701743198'),
(42, 'Timberland 6-Inch Premium Boots', 2991000.00, 'joden (11).jpg', 'Muối của Timberland, đôi giày cao cổ chất liệu da chống nước, đế lugged cho khả năng bám tốt và sự bền bỉ.', 2502, 2, 40, 1, ' 1701743201'),
(43, 'Dr. Martens 1460', 2569000.00, 'joden (12).jpg', 'Đôi giày cao cổ từ Dr. Martens với thiết kế bền bỉ và kiểu dáng punk, mang đến sự cá tính và phong cách riêng.', 2225, 2, 40, 1, ' 1701743204'),
(44, 'Converse Jack Purcell', 1638000.00, 'joden (13).jpg', 'Đôi giày thể thao low-top từ Converse với thiết kế đơn giản, màu sắc trang nhã và một chi tiết kẻ xéo ở mũi giày.', 2688, 2, 40, 1, ' 1701743207'),
(45, 'Adidas Stan Smith', 3964000.00, 'joden (14).jpg', 'Biểu tượng của Adidas, đôi giày thể thao với thiết kế trắng đơn giản và logo Stan Smith đằng sau.', 2649, 2, 40, 1, ' 1701743210'),
(46, 'Nike Dunk', 3684000.00, 'joden (15).jpg', 'Đôi giày bóng rổ từ Nike với thiết kế mạnh mẽ và màu sắc đa dạng, được yêu thích trong cả thời trang hàng ngày.', 3765, 2, 40, 1, ' 1701743213'),
(47, 'Vans Sk8-Hi', 2376000.00, 'joden (16).jpg', 'Đôi giày skateboarding cao cổ từ Vans với dải sọc và đế cao su waffle, mang đến sự thoải mái và hỗ trợ cho người sử dụng.', 3847, 2, 40, 1, ' 1701743216'),
(48, 'Puma RS-X', 3995000.00, 'joden (17).jpg', 'Đôi giày từ dòng RS-X của Puma, với thiết kế đặc trưng, màu sắc táo bạo và kiểu dáng thể thao hiện đại.', 2338, 2, 40, 1, ' 1701743219'),
(49, 'Reebok Club C 85', 1628000.00, 'joden (18).jpg', ': Đôi giày thể thao từ Reebok với thiết kế cổ điển, màu trắng trang nhã và tính năng thoáng khí.', 1262, 2, 40, 1, ' 1701743222'),
(50, 'New Balance 997', 1307000.00, 'joden (19).jpg', ': Đôi giày chạy từ New Balance với thiết kế hiện đại và công nghệ đệm tối ưu, tạo cảm giác thoải mái và ổn định.', 3341, 2, 40, 1, ' 1701743225'),
(51, 'Asics Gel-Kayano', 1689000.00, 'joden (20).jpg', 'Đôi giày chạy từ Asics với thiết kế hiện đại và công nghệ đệm Gel-Kayano, mang lại sự thoải mái và hỗ trợ cho người sử dụng.', 3670, 2, 40, 1, ' 1701743228'),
(52, 'Saucony Shadow 5000', 2049000.00, 'joden (21).jpg', 'Đôi giày từ Saucony với thiết kế retro và công nghệ thoáng khí, tạo cảm giác nhẹ và thoải mái cho người sử dụng.', 3319, 2, 40, 1, ' 1701743231'),
(53, 'Adidas Gazelle', 2150000.00, 'joden (22).jpg', 'Đôi giày từ Adidas với thiết kế thể thao và màu sắc tươi sáng, mang đến phong cách năng động và trẻ trung.', 1239, 2, 40, 1, ' 1701743234'),
(54, 'Nike Air Force 1', 3768000.00, 'joden (23).jpg', 'Đôi giày thể thao cổ điển của Nike với thiết kế trắng đơn giản và công nghệ đệm tốt, được yêu thích trong cả thời trang streetwear.', 3973, 2, 40, 1, ' 1701743237'),
(55, 'Vans Authentic', 2458000.00, 'joden (24).jpg', 'Đôi giày thể thao từ Vans với thiết kế nền và logo Vans đặc trưng, mang đến phong cách dễ thương và thoải mái.', 4567, 2, 40, 1, ' 1701743240'),
(56, 'Puma Clyde', 1909000.00, 'joden (25).jpg', 'Đôi giày từ Puma, lấy cảm hứng từ cựu cầu thủ bóng rổ Clyde Frazier, mang đến phong cách thể thao tinh tế và sang trọng.', 4027, 2, 40, 1, ' 1701743243'),
(57, 'Reebok Workout Plus', 2283000.00, 'joden (26).jpg', 'Đôi giày thể thao từ Reebok với thiết kế đơn giản và công nghệ thoáng khí, mang đến sự thoải mái và kiểu dáng thể thao đa năng.', 1828, 2, 40, 1, ' 1701743246'),
(58, 'New Balance 990', 1626000.00, 'joden (27).jpg', 'Đôi giày chạy cao cấp từ New Balance với thiết kế retro và công nghệ đệm tối ưu, tạo cảm giác thoải mái và ổn định trong hoạt động chạy.', 2618, 2, 40, 1, ' 1701743249'),
(59, 'Asics Gel-Lyte V', 1779000.00, 'joden (28).jpg', 'Đôi giày chạy từ Asics với thiết kế thời trang và công nghệ đệm gel, mang đến sự thoải mái và kiểu dáng đặc trưng.', 4271, 2, 40, 1, ' 1701743252'),
(60, 'Saucony Grid SD', 2602000.00, 'joden (29).jpg', 'Đôi giày từ dòng Grid của Saucony với thiết kế đa dạng và công nghệ thoáng khí, mang đến sự thoải mái và hỗ trợ cho người sử dụng.', 4182, 2, 40, 1, ' 1701743255'),
(61, 'Adidas NMD', 1448000.00, 'joden (30).jpg', 'Đôi giày thể thao hiện đại từ Adidas với thiết kế đơn giản và công nghệ đệm tối ưu, tạo cảm giác nhẹ nhàng và bền bỉ.', 1698, 2, 40, 1, ' 1701743368'),
(62, 'Nike Blazer', 1556000.00, 'joden (31).jpg', 'Đôi giày thể thao từ Nike với thiết kế cổ cao và phong cách hoài cổ, mang đến phong cách thể thao và thời trang cổ điển.', 1933, 2, 40, 1, ' 1701743371'),
(63, 'Vans Slip-On', 3931000.00, 'joden (32).jpg', 'Đôi giày từ Vans với thiết kế đơn giản không cần dây buộc, đế cao su waffle và dải sọc đặc trưng, mang đến sự tiện lợi và phong cách đặc trưng của thương hiệu.', 1996, 2, 40, 1, ' 1701743374'),
(64, 'Puma Roma', 1216000.00, 'joden (33).jpg', 'Đôi giày từ Puma với thiết kế thể thao retro và màu sắc tinh tế, tạo nên phong cách độc đáo và trẻ trung.', 4926, 2, 40, 1, ' 1701743377'),
(65, 'Reebok Classic Nylon', 3856000.00, 'joden (34).jpg', 'Đôi giày từ Reebok với thiết kế đơn giản và chất liệu nylon, mang đến sự nhẹ nhàng và thoáng khí cho đôi chân.', 4836, 2, 40, 1, ' 1701743380'),
(66, 'New Balance 996', 3670000.00, 'joden (35).jpg', 'Đôi giày chạy từ New Balance với thiết kế đa năng và phối màu hợp thời, mang đến sự thoải mái và phong cách thể thao hiện đại.', 4331, 2, 40, 1, ' 1701743383'),
(67, 'Asics Gel-Respector', 1844000.00, 'joden (36).jpg', 'Đôi giày chạy từ Asics với thiết kế retro và công nghệ đệm gel, tạo cảm giác êm ái và phong cách đặc trưng.', 1726, 2, 40, 1, ' 1701743386'),
(68, 'Saucony Grid 9000', 1781000.00, 'joden (37).jpg', 'Đôi giày từ Saucony với thiết kế thể thao và công nghệ thoáng khí, mang lại cảm giác thoải mái và sự hỗ trợ cho người sử dụng.', 3952, 2, 40, 1, ' 1701743389'),
(69, 'Adidas Ultra Boost', 1391000.00, 'joden (38).jpg', 'Biểu tượng của Adidas, đôi giày chạy với thiết kế hiện đại và công nghệ đệm tối ưu, tạo cảm giác nhẹ nhàng và đàn hồi.', 4903, 2, 40, 1, ' 1701743392'),
(70, 'Nike Cortez', 1084000.00, 'joden (39).jpg', 'Đôi giày thể thao cổ điển của Nike với thiết kế đơn giản và logo Swoosh phản quang, mang đến phong cách thể thao và retro đặc trưng.', 3346, 2, 40, 1, ' 1701743395'),
(71, 'Puma Basket', 2306000.00, 'joden (40).jpg', 'Đôi giày từ Puma với thiết kế thể thao đơn giản và kiểu dáng thấp cổ, tạo nên phong cách năng động và trẻ trung.', 4054, 2, 40, 1, ' 1701743398'),
(72, 'New Balance 997H', 2074000.00, 'joden (41).jpg', 'Phiên bản cải tiến từ New Balance 997, với thiết kế hiện đại và công nghệ đệm tối ưu, mang đến sự thoải mái và kiểu dáng độc đáo.', 3034, 2, 40, 1, ' 1701743401'),
(73, 'Asics Gel-Lyte I', 1536000.00, 'joden (42).jpg', 'Đôi giày chạy điểm danh từ Asics với thiết kế retro và công nghệ đệm gel, tạo cảm giác êm ái và kiểu dáng đặc trưng.', 1469, 2, 40, 1, ' 1701743404'),
(74, 'Saucony Jazz Low Pro', 2267000.00, 'joden (43).jpg', 'Phiên bản thấp cổ từ Saucony Jazz Original, với thiết kế retro và đế giữa đệm êm ái, tạo cảm giác nhẹ nhàng và thoải mái.', 4265, 2, 40, 1, ' 1701743407'),
(75, 'Adidas Yeezy', 1242000.00, 'joden (44).jpg', 'Dòng sản phẩm hợp tác giữa Adidas và rapper Kanye West, với thiết kế độc đáo và các phối màu đặc trưng, tạo nên sự cá tính và ấn tượng.', 2455, 2, 40, 1, ' 1701743410'),
(76, 'Nike Air Max 97', 2926000.00, 'joden (45).jpg', 'Đôi giày thể thao từ Nike với thiết kế độc đáo và công nghệ Air Max, tạo cảm giác êm ái và phong cách hiện đại.', 4934, 2, 40, 1, ' 1701743413'),
(77, 'Vans Sk8-Mid', 1296000.00, 'joden (46).jpg', 'Đôi giày skate cao cổ từ Vans, độc đáo với thiết kế mặt lưng màu sáng và dải sọc đặc trưng, mang đến phong cách cá nhân và bền bỉ.', 3141, 2, 40, 1, ' 1701743416'),
(78, 'Puma Future Rider', 3529000.00, 'joden (48).jpg', 'Đôi giày từ Puma với thiết kế hiện đại và phối màu táo bạo, tạo nên sự thoải mái và cá tính trong hoạt động hàng ngày.', 1957, 2, 40, 1, ' 1701743419'),
(79, 'Reebok Question', 1706000.00, 'joden (49).jpg', 'Đôi giày bóng rổ cổ điển từ Reebok, được thiết kế theo mẫu của cựu cầu thủ NBA Allen Iverson, với sự kết hợp giữa phong cách và hiệu suất thể thao.', 1283, 2, 40, 1, ' 1701743422'),
(80, 'Saucony Jazz Low Pro', 3310000.00, 'joden (50).jpg', 'Phiên bản thấp cổ từ Saucony Jazz Original, với thiết kế retro và đế giữa đệm êm ái, tạo cảm giác nhẹ nhàng và thoải mái.', 2500, 2, 40, 1, ' 1701743425'),
(81, 'Nike Air Zoom Pegasus 36 MLB', 1145000.00, 'mlb (11).jpg', 'Đôi giày chạy bộ thiết kế đặc biệt với logo MLB, có đệm hỗ trợ tốt và mang lại sự thoải mái cho người sử dụng.', 1790, 3, 40, 1, ' 1701743428'),
(82, 'Adidas Adizero Afterburner V Cleats', 1529000.00, 'mlb (12).jpg', 'Đôi giày chuyên dụng cho môn bóng chày, có đế nổi tiếng Adizero của Adidas, giảm trọng lượng và tăng độ bám trên sân.', 2482, 3, 40, 1, ' 1701743431'),
(83, 'New Balance 4040v4 Metal Cleats', 2100000.00, 'mlb (13).jpg', 'Đôi giày có đế chắc chắn và miếng lót thoáng khí để hỗ trợ các vận động viên ở vị trí chạy nhanh trên sân.', 3314, 3, 40, 1, ' 1701743434'),
(84, 'Under Armour Harper 4 Mid Metal Cleats', 1698000.00, 'mlb (14).jpg', 'Đôi giày được thiết kế đặc biệt cho Bryce Harper, với đế chắc chắn, hỗ trợ và mang lại sự ổn định khi chơi bóng.', 1192, 3, 40, 1, ' 1701743437'),
(85, 'Nike Air Max MVP Elite 3/4 Metal Cleats', 3500000.00, 'mlb (15).jpg', 'Đôi giày chất lượng cao với đế metal và công nghệ Air Max của Nike, đem lại sự thoải mái và độ bám tốt trên sân.', 2323, 3, 40, 1, ' 1701743440'),
(86, 'Adidas Adizero 8.0 Uncaged Cleats', 1589000.00, 'mlb (16).jpg', 'Được xem là một trong những đôi giày bóng chày nhẹ nhất trên thị trường, với chất liệu nhẹ và kiểu dáng tối giản.', 4811, 3, 40, 1, ' 1701743443'),
(87, 'New Balance Fresh Foam LAZR v2 Cleats', 3811000.00, 'mlb (17).jpg', 'Đôi giày cung cấp sự thoải mái và hỗ trợ tốt nhờ công nghệ đệm Fresh Foam đặc biệt của New Balance.', 4030, 3, 40, 1, ' 1701743446'),
(88, 'Under Armour Yard Low ST Cleats', 1310000.00, 'mlb (18).jpg', 'Đôi giày chuyên dụng cho cỏ tự nhiên, có đế chắc chắn và khả năng bám trên sân cỏ tốt.', 4996, 3, 40, 1, ' 1701743450'),
(89, 'Nike Force Trout 6 Pro Metal Cleats', 1437000.00, 'mlb (19).jpg', 'Đôi giày thiết kế đặc biệt cho Mike Trout, với đế kim loại và công nghệ Nike Zoom Air để tăng cường hiệu suất chơi bóng.', 4952, 3, 40, 1, ' 1701743453'),
(90, 'Adidas Icon 4 Cleats', 2987000.00, 'mlb (20).jpg', 'Đôi giày bóng chày với thiết kế đơn giản, tạo cảm giác thoải mái và bền bỉ trên sân.', 4021, 3, 40, 1, ' 1701743456'),
(91, 'New Balance 574 Baseball Cleats', 1615000.00, 'mlb (21).jpg', 'Đôi giày có kiểu dáng retro và thoải mái, đặc biệt được thiết kế cho các hoạt động bóng chày.', 4350, 3, 40, 1, ' 1701743459'),
(92, 'Nike Huarache 2K Filth Pro Mid Metal Cleats', 2978000.00, 'mlb (22).jpg', 'Đôi giày sử dụng công nghệ Huarache của Nike và có đế kim loại, tạo sự bám và ổn định trên sân.', 2824, 3, 40, 1, ' 1701743462'),
(93, 'Adidas Icon Bounce Cleats', 1390000.00, 'mlb (23).jpg', 'Đôi giày bóng chày với công nghệ phản hồi năng lượng Bounce của Adidas, mang đến sự thoải mái và đàn hồi cho người sử dụng.', 1701, 3, 40, 1, ' 1701743465'),
(94, 'New Balance Fresh Foam LAZR v2 Turf Shoes', 1125000.00, 'mlb (24).jpg', 'Đôi giày turf với công nghệ đế Fresh Foam của New Balance, cho cảm giác thoải mái và đệm êm ái.', 2802, 3, 40, 1, ' 1701743468'),
(95, 'Under Armour Leadoff Mid RM Cleats', 2396000.00, 'mlb (25).jpg', 'Đôi giày bóng chày cao cổ với đế cao su và thiết kế hỗ trợ, tạo sự ổn định và độ bám tốt trên sân.', 3943, 3, 40, 1, ' 1701743471'),
(96, 'Nike Vapor Ultrafly Elite 2 Metal Cleats', 3147000.00, 'mlb (26).jpg', 'Đôi giày kim loại với công nghệ Nike Vapor để tăng hiệu suất chạy nhanh và đế cao su cung cấp độ bám tốt.', 2083, 3, 40, 1, ' 1701743474'),
(97, 'Adidas Adizero Afterburner 7 Cleats', 3103000.00, 'mlb (34).jpg', 'Đôi giày bóng chày nhẹ và linh hoạt, với thiết kế tối giản và độ bám cao trên sân.', 1024, 3, 40, 1, ' 1701743477'),
(98, 'New Balance Fresh Foam 3000v5 Turf Shoes', 3825000.00, 'mlb (35).jpg', 'Đôi giày turf với công nghệ đệm Fresh Foam và đế nhựa TPU, mang đến sự thoải mái và bền bỉ trên sân cỏ nhân tạo.', 1701, 3, 40, 1, ' 1701743480'),
(99, 'Under Armour Yard Low Trainer Turf Shoes', 1186000.00, 'mlb (36).jpg', 'Đôi giày turf đa năng với thiết kế thời trang và đế êm ái, phù hợp cho cả các hoạt động thể dục và huấn luyện.', 3636, 3, 40, 1, ' 1701743483'),
(100, 'Nike Alpha Huarache Elite 3 Turf Shoes', 1288000.00, 'mlb (37).jpg', 'Đôi giày turf với công nghệ phản hồi năng lượng và đế cao su, tạo độ bám và ổn định trên sân cỏ nhân tạo.', 3735, 3, 40, 1, ' 1701743486'),
(101, 'Adidas Wheelhouse 4 Cleats', 1041000.00, 'mlb (38).jpg', 'Đôi giày bóng chày với thiết kế đơn giản và đế cao su, phù hợp cho các hoạt động bóng chày trong môi trường cỏ tự nhiên.', 2208, 3, 40, 1, ' 1701744479'),
(102, 'New Balance 4040v5 Metal Cleats', 3883000.00, 'mlb (39).jpg', 'Đôi giày kim loại với công nghệ đế lót Fresh Foam và thiết kế hỗ trợ, giúp gia tăng hiệu suất chơi bóng.', 1543, 3, 40, 1, ' 1701744482'),
(103, 'Under Armour Harper 5 Turf Shoes', 2491000.00, 'mlb (40).jpg', 'Đôi giày turf thiết kế đặc biệt cho Bryce Harper, với đế êm ái và hỗ trợ dễ chịu khi chơi trên bề mặt cỏ tự nhiên và nhân tạo.', 1079, 3, 40, 1, ' 1701744485'),
(104, 'Nike Air Zoom Pegasus 37 MLB', 1072000.00, 'mlb (41).jpg', 'Đôi giày chạy bộ với thiết kế đặc biệt và logo MLB, cung cấp độ thoải mái và bùng nổ năng lượng khi chạy.', 2799, 3, 40, 1, ' 1701744488'),
(105, 'Adidas Adizero Afterburner Low Cleats', 3800000.00, 'mlb (42).jpg', 'Đôi giày bóng chày nhẹ nhất của Adidas, với đế thấp và thiết kế tối giản, nhằm tối ưu hóa tốc độ và độ bám trên sân.', 3527, 3, 40, 1, ' 1701744491'),
(106, 'New Balance Fresh Foam 3000v5 Metal Cleats', 1141000.00, 'mlb (43).jpg', 'Đôi giày bóng chày kim loại với công nghệ đệm Fresh Foam và đế chắc chắn, thuận tiện cho các hoạt động ở vị trí chạy nhanh.', 1935, 3, 40, 1, ' 1701744494'),
(107, 'Under Armour Clean Up Culture Batting Gloves', 1171000.00, 'mlb (44).jpg', 'Đôi găng tay bóng chày với hình in thú vị và hỗ trợ cải thiện cảm giác khi nắm vợt', 4542, 3, 40, 1, ' 1701744497'),
(108, 'Nike Alpha Huarache Elite 3 Low Cleats', 3874000.00, 'mlb (46).jpg', 'Đôi giày bóng chày có đế cao su và công nghệ Nike Alpha, mang lại sự thoải mái và bám tốt trên sân.', 1010, 3, 40, 1, ' 1701744501'),
(109, 'Adidas Icon 5 Bounce Cleats', 2551000.00, 'mlb (45).jpg', 'Đôi giày bóng chày với công nghệ phản hồi năng lượng Bounce để tăng cường hiệu suất và độ bền.', 3067, 3, 40, 1, ' 1701744504'),
(110, 'New Balance 3000v5 Cleats', 2983000.00, 'mlb (47).jpg', 'Đôi giày bóng chày với công nghệ đế Fresh Foam và thiết kế chắc chắn, giúp cung cấp sự thoải mái và hỗ trợ tốt.', 1749, 3, 40, 1, ' 1701744507'),
(111, 'Under Armour Yard Mid ST Cleats', 1571000.00, 'mlb (48).jpg', 'Đôi giày bóng chày cao cổ với đế chắc chắn và khả năng bám trên sân cỏ tự nhiên.', 1065, 3, 40, 1, ' 1701744510'),
(112, 'Nike Vapor Ultrafly 2 Keystone Cleats', 3555000.00, 'mlb (49).jpg', 'Đôi giày bóng chày với đế cao su và thiết kế linh hoạt, mang lại sự thoải mái và độ bám tốt trên sân.', 3800, 3, 40, 1, ' 1701744513'),
(113, 'Adidas Speed Trainer 4 Turf Shoes', 3219000.00, 'mlb (46).jpg', 'Đôi giày turf đa năng với đế êm ái và thiết kế hiện đại, phù hợp cho các hoạt động thể dục và huấn luyện trên sân cỏ nhân tạo.', 1672, 3, 40, 1, ' 1701744516'),
(114, 'Nike Air Max 150', 3208000.00, 'nike (21).jpg', 'Đôi giày chạy bộ mang tính cách mạng của Nike. Nó có đế khí lớn ở gót chân, mang lại sự thoải mái và hỗ trợ', 3651, 1, 40, 1, ' 1701742792'),
(115, 'Nike Air Max 2010', 1333000.00, 'nike (22).jpg', 'Đôi giày chạy bộ mang tính biểu tượng của Nike. Nó có thiết kế độc đáo với phần đế giày được bao phủ bởi các lỗ Air visible.', 1870, 1, 40, 1, ' 1701742795'),
(116, 'Nike Air Max 1 Ultra (2011)', 3453000.00, 'nike (23).jpg', 'Phiên bản cập nhật của Air Max 1, với phần trên bằng lưới và đế Air visible.', 4524, 1, 40, 1, ' 1701742798'),
(117, 'Nike Air Max 90 Ultra (2013)', 1258000.00, 'nike (24).jpg', 'Phiên bản cập nhật của Air Max 90, với phần trên bằng lưới và đế Air visible.', 2551, 1, 40, 1, ' 1701742801'),
(118, 'Nike Air Max 1 Flyknit (2014)', 3100000.00, 'nike (25).jpg', 'Phiên bản Flyknit của Air Max 1, với phần trên bằng vải Flyknit.', 3969, 1, 40, 1, ' 1701742805'),
(119, 'Nike Air Max 90 Flyknit (2015)', 1968000.00, 'nike (26).jpg', 'Phiên bản Flyknit của Air Max 90, với phần trên bằng vải Flyknit.', 4980, 1, 40, 1, ' 1701742808'),
(120, 'Nike Air Max 95 Flyknit (2015)', 1470000.00, 'nike (27).jpg', 'Phiên bản Flyknit của Air Max 95, với phần trên bằng vải Flyknit.', 4926, 1, 40, 1, ' 1701742811'),
(121, 'Nike Air Max 270 (2018)', 1212000.00, 'nike (28).jpg', 'Đôi giày chạy bộ mang tính cách mạng của Nike. Nó có đế khí lớn ở gót chân, mang lại sự thoải mái và hỗ trợ', 4265, 1, 40, 1, ' 1701742814'),
(122, 'Nike Air Max 270 React (2019)', 1204000.00, 'nike (29).jpg', 'Phiên bản kết hợp của Air Max 270 và React. Nó có đế Air visible và đế React, mang lại sự thoải mái và hỗ trợ tối ưu.', 4526, 1, 40, 1, ' 1701742817'),
(123, 'Nike Air Max 720 (2019)', 3593000.00, 'nike (30).jpg', 'Đôi giày chạy bộ mang tính cách mạng của Nike. Nó có đế khí lớn bao phủ toàn bộ đế giày, mang lại sự thoải mái và hỗ trợ.', 4402, 1, 40, 1, ' 1701742820'),
(124, 'Nike Air Max 270 React 3 (2020)', 3229000.00, 'nike (31).jpg', 'Phiên bản cập nhật của Air Max 270 React, với phần đế được làm bằng chất liệu nhẹ và bền hơn.', 1124, 1, 40, 1, ' 1701742823'),
(125, 'Nike Air Max 270 React SE (2020)', 1092000.00, 'nike (32).jpg', 'Phiên bản đặc biệt của Air Max 270 React, với phần trên được làm bằng chất liệu cao cấp và thiết kế độc đáo.', 1735, 1, 40, 1, ' 1701742826'),
(126, 'Nike Air Max 270 React ENG (2020)', 1663000.00, 'nike (33).jpg', 'Phiên bản Engineered Garments của Air Max 270 React, với phần trên được làm bằng chất liệu cao cấp và thiết kế cổ điển.', 1291, 1, 40, 1, ' 1701742829'),
(127, 'Nike Air Max 270 React 2 (2021)', 3360000.00, 'nike (34).jpg', 'Phiên bản cập nhật của Air Max 270 React, với phần đế được làm bằng chất liệu nhẹ và bền hơn.', 2936, 1, 40, 1, ' 1701742832'),
(128, 'Nike Air Force 1 Low (1982)', 3502000.00, 'nike (35).jpg', 'Phiên bản thấp cổ của Air Force 1, mang lại sự thoải mái và linh hoạt.', 3471, 1, 40, 1, ' 1701742835'),
(129, 'Nike Air Force 1 Mid (1983)', 1108000.00, 'nike (36).jpg', 'Phiên bản cổ giữa của Air Force 1, mang lại sự hỗ trợ và bảo vệ.', 4266, 1, 40, 1, ' 1701742838'),
(130, 'Nike Air Force 1 High (1984)', 3749000.00, 'nike (37).jpg', 'Phiên bản cổ cao của Air Force 1, mang lại sự thoải mái và thời trang.', 1931, 1, 40, 1, ' 1701742841'),
(131, 'Nike Air Force 1 07 (2007)', 3171000.00, 'nike (38).jpg', 'Phiên bản cập nhật của Air Force 1, với thiết kế cổ điển và chất liệu cao cấp.', 4410, 1, 40, 1, ' 1701742844'),
(132, 'Nike Air Force 1 07 LV8 (2012)', 2260000.00, 'nike (39).jpg', 'Phiên bản đặc biệt của Air Force 1, với thiết kế độc đáo và chất liệu cao cấp.', 3304, 1, 40, 1, ' 1701742847'),
(133, 'Nike Air Force 1 07 LV8 Utility (2017)', 1783000.00, 'nike (40).jpg', 'Phiên bản Utility của Air Force 1, với thiết kế ứng dụng và chất liệu cao cấp.', 1171, 1, 40, 1, ' 1701742850'),
(134, 'Nike Air Force 1 Low Off-White (2017)', 3916000.00, 'nike (41).jpg', 'Phiên bản hợp tác của Air Force 1, được thiết kế bởi Virgil Abloh.', 1397, 1, 40, 1, ' 1701744728'),
(135, 'Nike Air Force 1 Mid Off-White (2018)', 3560000.00, 'nike (42).jpg', 'Phiên bản hợp tác của Air Force 1, được thiết kế bởi Virgil Abloh.', 4491, 1, 40, 1, ' 1701744731'),
(136, 'Nike Air Force 1 High Off-White (2018)', 2807000.00, 'nike (43).jpg', 'Phiên bản hợp tác của Air Force 1, được thiết kế bởi Virgil Abloh.', 3325, 1, 40, 1, ' 1701744734'),
(137, 'Nike Air Force 1 Low Travis Scott (2018)', 3884000.00, 'nike (44).jpg', 'Phiên bản hợp tác của Air Force 1, được thiết kế bởi Travis Scott.', 2162, 1, 40, 1, ' 1701744737'),
(138, 'Nike Air Force 1 Mid Travis Scott (2019)', 3053000.00, 'nike (45).jpg', 'Phiên bản hợp tác của Air Force 1, được thiết kế bởi Travis Scott.', 2336, 1, 40, 1, ' 1701744740'),
(139, 'Nike Air Force 1 High Travis Scott (2019)', 3773000.00, 'nike (46).jpg', 'Phiên bản hợp tác của Air Force 1, được thiết kế bởi Travis Scott.', 4403, 1, 40, 1, ' 1701744743'),
(140, 'Nike Air Force 1 Low Supreme (2018)', 3612000.00, 'nike (48).jpg', 'Phiên bản hợp tác của Air Force 1, được thiết kế bởi Supreme.', 3388, 1, 40, 1, ' 1701744746'),
(141, 'Nike Air Force 1 Mid Supreme (2018)', 1036000.00, 'nike (49).jpg', 'Phiên bản hợp tác của Air Force 1, được thiết kế bởi Supreme.', 4421, 1, 40, 1, ' 1701744749'),
(142, ' Nike Air Force 1 High Supreme (2018)', 2442000.00, 'nike (50).jpg', ' Phiên bản hợp tác của Air Force 1, được thiết kế bởi Supreme.', 2263, 1, 40, 1, ' 1701744752');

-- --------------------------------------------------------

--
-- Table structure for table `size`
--

CREATE TABLE `size` (
  `id` int(11) NOT NULL,
  `size` varchar(11) NOT NULL
) ENGINE=InnoDB DEFAULT CHARSET=utf8mb4 COLLATE=utf8mb4_general_ci;

--
-- Dumping data for table `size`
--

INSERT INTO `size` (`id`, `size`) VALUES
(1, '39'),
(2, '40'),
(3, '41');

-- --------------------------------------------------------

--
-- Table structure for table `taikhoan`
--

CREATE TABLE `taikhoan` (
  `id` int(11) NOT NULL,
  `name` varchar(50) NOT NULL,
  `pass` varchar(50) NOT NULL,
  `email` varchar(255) NOT NULL,
  `address` varchar(255) DEFAULT NULL,
  `tel` varchar(20) DEFAULT NULL,
  `role` int(11) NOT NULL DEFAULT 0,
  `img` varchar(255) DEFAULT NULL,
  `trangthai` int(11) DEFAULT NULL,
  `marketing` int(11) DEFAULT NULL
) ENGINE=InnoDB DEFAULT CHARSET=utf8mb4 COLLATE=utf8mb4_general_ci;

--
-- Dumping data for table `taikhoan`
--

INSERT INTO `taikhoan` (`id`, `name`, `pass`, `email`, `address`, `tel`, `role`, `img`, `trangthai`, `marketing`) VALUES
(17, 'Nguyễn Tình', '20102004', 'nguyentinh140321@gmail.com', 'Tỉnh Sóc Trăng-Huyện Mỹ Xuyên-Xã Thạnh Quới', '0366904133', 1, 'avatar.png', 1, 1),
(18, 'Phạm Uyên', '123456789', 'phamthiuyen11042004@gmail.com', 'Tỉnh Sóc Trăng-Huyện Mỹ Xuyên-Xã Thạnh Quới', '0862201005', 1, '335944176_225297446646549_6667645462122669625_n.jpg', 1, 1),
(19, 'Admin', '123456', 'admin@gmail.com', '', '0987656784', 2, '861b8ad7ad3f66613f2e.jpg', 1, NULL);

-- --------------------------------------------------------

--
-- Table structure for table `thongbao`
--

CREATE TABLE `thongbao` (
  `id` int(11) NOT NULL,
  `img` varchar(225) NOT NULL,
  `header` varchar(225) NOT NULL,
  `noidung` varchar(225) NOT NULL
) ENGINE=InnoDB DEFAULT CHARSET=utf8mb4 COLLATE=utf8mb4_general_ci;

--
-- Dumping data for table `thongbao`
--

INSERT INTO `thongbao` (`id`, `img`, `header`, `noidung`) VALUES
(5, 'thongbao_1.jpg', 'Hội Ngộ Cùng Chúng Tôi - Sự Kiện Offline Kỷ Niệm 1 Năm!111', 'Chúng tôi rất vui mừng mời quý khách hàng tham gia sự kiện offline kỷ niệm 1 năm. Đến và trải nghiệm không khí vui vẻ, có cơ hội gặp gỡ đội ngũ chúng tôi và nhận quà tặng đặc biệt.');

-- --------------------------------------------------------

--
-- Table structure for table `trangthai`
--

CREATE TABLE `trangthai` (
  `id` int(11) NOT NULL,
  `trangthai` varchar(225) NOT NULL
) ENGINE=InnoDB DEFAULT CHARSET=utf8mb4 COLLATE=utf8mb4_general_ci;

--
-- Dumping data for table `trangthai`
--

INSERT INTO `trangthai` (`id`, `trangthai`) VALUES
(1, 'Yêu Thích'),
(2, 'Giỏ hàng'),
(3, 'Chờ xác nhận'),
(4, 'Đang giao hàng'),
(5, 'Giao hàng thành công'),
(6, 'Hủy đơn hàng');

-- --------------------------------------------------------

--
-- Table structure for table `vocher`
--

CREATE TABLE `vocher` (
  `id` int(11) NOT NULL,
  `sale` int(11) NOT NULL,
  `iduser` int(11) DEFAULT NULL
) ENGINE=InnoDB DEFAULT CHARSET=utf8mb4 COLLATE=utf8mb4_general_ci;

--
-- Indexes for dumped tables
--

--
-- Indexes for table `banner`
--
ALTER TABLE `banner`
  ADD PRIMARY KEY (`id`);

--
-- Indexes for table `bienthe`
--
ALTER TABLE `bienthe`
  ADD PRIMARY KEY (`id`),
  ADD KEY `idcolor` (`idcolor`),
  ADD KEY `idsize` (`idsize`),
  ADD KEY `idsp` (`idsp`);

--
-- Indexes for table `binhluan`
--
ALTER TABLE `binhluan`
  ADD PRIMARY KEY (`id`),
  ADD KEY `idpro` (`idsp`),
  ADD KEY `iduser` (`iduser`);

--
-- Indexes for table `chitietdh`
--
ALTER TABLE `chitietdh`
  ADD PRIMARY KEY (`madh`);

--
-- Indexes for table `color`
--
ALTER TABLE `color`
  ADD PRIMARY KEY (`id`);

--
-- Indexes for table `danhgia`
--
ALTER TABLE `danhgia`
  ADD PRIMARY KEY (`id`),
  ADD KEY `iduser` (`iduser`),
  ADD KEY `idbienthe` (`idbienthe`);

--
-- Indexes for table `danhmuc`
--
ALTER TABLE `danhmuc`
  ADD PRIMARY KEY (`id`);

--
-- Indexes for table `lienhe`
--
ALTER TABLE `lienhe`
  ADD PRIMARY KEY (`id`);

--
-- Indexes for table `phanloaidh`
--
ALTER TABLE `phanloaidh`
  ADD PRIMARY KEY (`id`),
  ADD KEY `iduser` (`iduser`),
  ADD KEY `idtrangthai` (`idtrangthai`),
  ADD KEY `madh` (`madh`),
  ADD KEY `bienthe` (`bienthe`);

--
-- Indexes for table `sanpham`
--
ALTER TABLE `sanpham`
  ADD PRIMARY KEY (`id`),
  ADD KEY `iddm` (`iddm`);

--
-- Indexes for table `size`
--
ALTER TABLE `size`
  ADD PRIMARY KEY (`id`);

--
-- Indexes for table `taikhoan`
--
ALTER TABLE `taikhoan`
  ADD PRIMARY KEY (`id`);

--
-- Indexes for table `thongbao`
--
ALTER TABLE `thongbao`
  ADD PRIMARY KEY (`id`);

--
-- Indexes for table `trangthai`
--
ALTER TABLE `trangthai`
  ADD PRIMARY KEY (`id`);

--
-- Indexes for table `vocher`
--
ALTER TABLE `vocher`
  ADD PRIMARY KEY (`id`),
  ADD KEY `iduser` (`iduser`);

--
-- AUTO_INCREMENT for dumped tables
--

--
-- AUTO_INCREMENT for table `banner`
--
ALTER TABLE `banner`
  MODIFY `id` int(11) NOT NULL AUTO_INCREMENT, AUTO_INCREMENT=15;

--
-- AUTO_INCREMENT for table `bienthe`
--
ALTER TABLE `bienthe`
  MODIFY `id` int(11) NOT NULL AUTO_INCREMENT, AUTO_INCREMENT=1325;

--
-- AUTO_INCREMENT for table `binhluan`
--
ALTER TABLE `binhluan`
  MODIFY `id` int(10) NOT NULL AUTO_INCREMENT, AUTO_INCREMENT=123;

--
-- AUTO_INCREMENT for table `color`
--
ALTER TABLE `color`
  MODIFY `id` int(11) NOT NULL AUTO_INCREMENT, AUTO_INCREMENT=6;

--
-- AUTO_INCREMENT for table `danhgia`
--
ALTER TABLE `danhgia`
  MODIFY `id` int(11) NOT NULL AUTO_INCREMENT, AUTO_INCREMENT=186;

--
-- AUTO_INCREMENT for table `danhmuc`
--
ALTER TABLE `danhmuc`
  MODIFY `id` int(11) NOT NULL AUTO_INCREMENT, AUTO_INCREMENT=6;

--
-- AUTO_INCREMENT for table `lienhe`
--
ALTER TABLE `lienhe`
  MODIFY `id` int(11) NOT NULL AUTO_INCREMENT, AUTO_INCREMENT=5;

--
-- AUTO_INCREMENT for table `phanloaidh`
--
ALTER TABLE `phanloaidh`
  MODIFY `id` int(11) NOT NULL AUTO_INCREMENT, AUTO_INCREMENT=371;

--
-- AUTO_INCREMENT for table `sanpham`
--
ALTER TABLE `sanpham`
  MODIFY `id` int(11) NOT NULL AUTO_INCREMENT, AUTO_INCREMENT=268;

--
-- AUTO_INCREMENT for table `size`
--
ALTER TABLE `size`
  MODIFY `id` int(11) NOT NULL AUTO_INCREMENT, AUTO_INCREMENT=8;

--
-- AUTO_INCREMENT for table `taikhoan`
--
ALTER TABLE `taikhoan`
  MODIFY `id` int(11) NOT NULL AUTO_INCREMENT, AUTO_INCREMENT=20;

--
-- AUTO_INCREMENT for table `thongbao`
--
ALTER TABLE `thongbao`
  MODIFY `id` int(11) NOT NULL AUTO_INCREMENT, AUTO_INCREMENT=9;

--
-- AUTO_INCREMENT for table `trangthai`
--
ALTER TABLE `trangthai`
  MODIFY `id` int(11) NOT NULL AUTO_INCREMENT, AUTO_INCREMENT=8;

--
-- AUTO_INCREMENT for table `vocher`
--
ALTER TABLE `vocher`
  MODIFY `id` int(11) NOT NULL AUTO_INCREMENT, AUTO_INCREMENT=58;

--
-- Constraints for dumped tables
--

--
-- Constraints for table `bienthe`
--
ALTER TABLE `bienthe`
  ADD CONSTRAINT `bienthe_ibfk_1` FOREIGN KEY (`idcolor`) REFERENCES `color` (`id`),
  ADD CONSTRAINT `bienthe_ibfk_2` FOREIGN KEY (`idsize`) REFERENCES `size` (`id`),
  ADD CONSTRAINT `bienthe_ibfk_3` FOREIGN KEY (`idsp`) REFERENCES `sanpham` (`id`);

--
-- Constraints for table `binhluan`
--
ALTER TABLE `binhluan`
  ADD CONSTRAINT `binhluan_ibfk_1` FOREIGN KEY (`idsp`) REFERENCES `sanpham` (`id`),
  ADD CONSTRAINT `binhluan_ibfk_2` FOREIGN KEY (`iduser`) REFERENCES `taikhoan` (`id`);

--
-- Constraints for table `danhgia`
--
ALTER TABLE `danhgia`
  ADD CONSTRAINT `danhgia_ibfk_1` FOREIGN KEY (`iduser`) REFERENCES `taikhoan` (`id`),
  ADD CONSTRAINT `danhgia_ibfk_2` FOREIGN KEY (`idbienthe`) REFERENCES `bienthe` (`id`);

--
-- Constraints for table `phanloaidh`
--
ALTER TABLE `phanloaidh`
  ADD CONSTRAINT `phanloaidh_ibfk_1` FOREIGN KEY (`iduser`) REFERENCES `taikhoan` (`id`),
  ADD CONSTRAINT `phanloaidh_ibfk_3` FOREIGN KEY (`idtrangthai`) REFERENCES `trangthai` (`id`),
  ADD CONSTRAINT `phanloaidh_ibfk_4` FOREIGN KEY (`bienthe`) REFERENCES `bienthe` (`id`);

--
-- Constraints for table `sanpham`
--
ALTER TABLE `sanpham`
  ADD CONSTRAINT `sanpham_ibfk_1` FOREIGN KEY (`iddm`) REFERENCES `danhmuc` (`id`);

--
-- Constraints for table `vocher`
--
ALTER TABLE `vocher`
  ADD CONSTRAINT `vocher_ibfk_1` FOREIGN KEY (`iduser`) REFERENCES `taikhoan` (`id`);
COMMIT;

/*!40101 SET CHARACTER_SET_CLIENT=@OLD_CHARACTER_SET_CLIENT */;
/*!40101 SET CHARACTER_SET_RESULTS=@OLD_CHARACTER_SET_RESULTS */;
/*!40101 SET COLLATION_CONNECTION=@OLD_COLLATION_CONNECTION */;
